hero_id,Hero,facet_name,facet_number,Facet,D2PT Rating,Matches,WR,Most Played Build WR,Contest Rate,Radiant,Dire,1st Phase,2nd Phase,Lastpick,Lane,Lane Adv,Stage Trend,Role
93,Slark,Fugitive,1,Fugitive,3738,7404,53.7,53.2,45.8,57.1,50.3,52.8,52.7,56.3,33% 42% 25%,1.5,MidLateLate+54.1%53.6%52.7%71233933307,pos 1
56,Clinkz,Trial By Pyre,1,Trial By Pyre,3475,4951,53.6,54.0,39.5,57.6,49.8,54.2,53.7,53.4,47% 42% 11%,6.5,MidLateLate+59.5%49.9%46.0%58521662204,pos 1
12,Phantom Lancer,Fractured,1,Fractured,3360,3123,53.6,54.0,27.7,56.7,50.5,46.9,53.1,54.4,31% 50% 19%,2.1,MidLateLate+46.2%58.4%65.1%34114241358,pos 1
46,Templar Assassin,Refractor,2,Refractor,3288,3793,52.7,53.5,18.6,55.4,50.0,53.7,53.1,51.9,35% 51% 13%,3.9,MidLateLate+56.5%49.0%49.7%36018411595,pos 1
6,Drow Ranger,Sidestep,2,Sidestep,3234,4397,52.5,52.4,25.6,55.6,49.3,53.8,51.6,53.6,45% 42% 14%,5.8,MidLateLate+55.0%49.7%54.1%55118651986,pos 1
70,Ursa,Bear Down,2,Bear Down,3158,3246,52.2,53.0,30.6,54.5,49.6,55.8,53.6,50.1,34% 47% 19%,2.7,MidLateLate+51.3%52.0%56.2%38814021460,pos 1
89,Naga Siren,Rip Tide,1,Rip Tide,3124,391,58.8,56.0,6.4,59.5,58.1,57.1,58.6,59.3,23% 53% 24%,-0.6,MidLateLate+58.9%60.0%51.6%31190170,pos 1
81,Chaos Knight,Irrationality,1,Irrationality,3094,703,54.2,53.5,9.0,57.3,51.1,54.0,52.5,57.8,34% 47% 19%,2.6,MidLateLate+59.7%50.9%44.1%68313324,pos 1
61,Broodmother,Feeding Frenzy,2,Feeding Frenzy,3089,244,58.6,55.0,29.3,62.7,54.2,42.9,58.3,61.5,26% 50% 23%,0.4,MidLateLate+66.9%51.5%31.3%1613099,pos 1
61,Broodmother,Necrotic Webs,1,Necrotic Webs,3072,383,54.8,57.1,29.3,59.8,49.7,57.1,53.1,57.5,27% 49% 24%,0.1,MidLateLate+64.8%40.6%53.3%30210143,pos 1
32,Riki,Cutthroat,1,Cutthroat,3070,636,53.5,52.4,10.3,54.7,52.2,53.8,54.1,51.8,32% 48% 20%,1.9,MidLateLate+53.7%52.2%57.3%75270291,pos 1
8,Juggernaut,Bladeform,2,Bladeform,3055,3623,51.4,51.9,22.8,54.8,48.0,55.0,51.7,49.8,34% 48% 18%,2.8,MidLateLate+50.7%52.2%51.5%34017371548,pos 1
59,Huskar,Cauterize,1,Cauterize,3052,371,54.4,54.5,50.7,56.0,53.2,22.2,54.3,58.3,55% 36% 9%,8.5,MidLateLate+59.5%50.0%47.1%34185152,pos 1
4,Bloodseeker,Arterial Spray,1,Arterial Spray,3043,613,53.0,51.6,6.9,57.1,48.5,44.0,56.5,49.6,36% 46% 18%,3.2,MidLateLate+55.8%51.6%47.8%69265279,pos 1
11,Shadow Fiend,Lasting Presence,1,Lasting Presence,3034,9612,50.8,51.2,66.5,54.3,47.3,51.2,50.6,51.1,39% 45% 15%,4.5,MidLateLate+56.3%46.7%42.0%95246074062,pos 1
25,Lina,Thermal Runaway,1,Thermal Runaway,3033,355,52.1,57.2,17.9,58.0,45.5,63.2,51.4,47.9,37% 47% 16%,4.0,MidLateLate+56.3%48.7%46.7%30167158,pos 1
80,Lone Druid,Forbearance,1,Forbearance,3022,207,53.1,52.0,13.6,56.6,50.0,25.0,53.7,55.8,53% 38% 10%,7.4,MidLateLate+50.5%54.2%62.5%169596,pos 1
82,Meepo,More Meepo,1,More Meepo,3021,197,54.3,53.0,19.8,55.0,53.6,66.7,54.8,53.3,33% 50% 17%,3.3,MidLateLate+50.4%60.8%50.0%1011374,pos 1
35,Sniper,Ghillie Suit,1,Ghillie Suit,3020,346,51.7,50.5,24.7,54.6,48.5,57.9,49.5,53.7,55% 35% 10%,8.2,MidLateLate+62.5%43.5%48.2%56136154,pos 1
54,Lifestealer,Gorestorm,2,Gorestorm,3013,1292,51.0,52.5,13.3,56.9,45.8,40.0,48.7,54.3,31% 50% 19%,1.9,MidLateLate+46.6%53.4%59.8%127586580,pos 1
42,Wraith King,Bone Guard,1,Bone Guard,3003,436,51.1,53.5,8.1,45.2,56.1,50.0,48.0,56.1,31% 52% 18%,2.2,MidLateLate+47.8%53.5%52.6%57182198,pos 1
63,Weaver,Hivemind,2,Hivemind,3003,259,50.6,50.4,35.9,51.2,50.0,60.0,48.7,49.2,34% 52% 14%,3.6,MidLateLate+61.9%44.3%21.1%19118122,pos 1
14,Pudge,Fresh Meat,1,Fresh Meat,3001,199,50.3,56.2,90.6,54.7,46.2,51.5,51.0,38.9,46% 40% 15%,5.8,MidLateLate+59.0%45.7%37.5%1678105,pos 1
14,Pudge,Rotten Core,2,Rotten Core,3000,232,50.9,53.3,90.6,55.6,46.1,48.4,56.1,55.0,38% 49% 13%,5.1,MidLateLate+49.0%51.5%52.9%3498101,pos 1
73,Alchemist,Seed Money,1,Seed Money,2997,385,50.6,51.4,11.4,50.0,51.4,51.7,54.0,43.6,49% 46% 5%,7.9,MidLateLate+58.2%43.7%44.1%34184167,pos 1
42,Wraith King,Spectral Blade,2,Spectral Blade,2996,315,49.8,48.9,8.1,53.8,45.9,29.6,54.1,49.1,28% 50% 22%,1.1,MidLateLate+52.2%46.6%54.5%33136146,pos 1
36,Necrophos,Profane Potency,1,Profane Potency,2994,282,48.9,51.2,23.1,52.2,45.8,53.8,50.6,45.6,62% 30% 8%,10.1,MidLateLate+58.1%40.2%48.6%37124122,pos 1
47,Viper,Caustic Bath,2,Caustic Bath,2994,214,50.5,51.3,29.4,55.7,44.4,33.3,45.9,58.9,62% 30% 8%,10.5,MidLateLate+62.0%41.3%36.4%2210092,pos 1
63,Weaver,Skitterstep,1,Skitterstep,2987,2865,50.7,50.1,35.9,52.6,48.7,49.4,52.0,47.8,40% 46% 14%,4.5,MidLateLate+50.6%50.6%51.2%32212151329,pos 1
114,Monkey King,Simian Stride,1,Simian Stride,2983,217,49.8,60.8,11.4,49.4,50.0,60.0,47.9,47.5,39% 42% 19%,4.0,MidLateLate+48.8%50.4%50.0%2280115,pos 1
102,Abaddon,The Quickening,1,The Quickening,2977,437,49.9,50.3,14.4,51.6,48.2,33.3,51.8,49.5,41% 47% 12%,5.1,MidLateLate+54.5%44.2%55.0%40200197,pos 1
17,Storm Spirit,Static Slide,2,Static Slide,2976,366,48.9,48.4,22.0,55.4,42.9,68.8,47.1,49.6,34% 46% 20%,2.4,MidLateLate+48.1%48.5%53.5%43160163,pos 1
46,Templar Assassin,Voidblades,1,Voidblades,2975,284,49.3,49.6,18.6,48.8,50.0,36.7,51.2,50.0,29% 52% 19%,1.4,MidLateLate+47.5%52.8%44.4%18158108,pos 1
39,Queen of Pain,Bondage,1,Bondage,2962,195,45.1,43.6,44.7,52.6,38.0,40.0,43.2,48.6,44% 45% 11%,6.4,MidLateLate+48.3%35.4%63.0%278782,pos 1
38,Beastmaster,Beast Mode,2,Beast Mode,2937,696,48.1,47.5,21.8,51.9,44.0,44.1,48.2,49.2,36% 48% 15%,3.3,MidLateLate+54.4%45.1%36.5%85307304,pos 1
6,Drow Ranger,Vantage Point,1,Vantage Point,2936,809,48.9,48.6,25.6,52.9,45.1,56.3,47.2,51.4,40% 46% 14%,4.9,MidLateLate+45.4%50.4%55.6%99339371,pos 1
21,Windranger,Killshot,2,Killshot,2929,454,47.4,46.7,49.6,51.5,42.9,54.1,49.3,37.7,40% 45% 15%,4.5,MidLateLate+51.2%45.1%45.2%62170224,pos 1
11,Shadow Fiend,Shadowmire,2,Shadowmire,2928,286,45.8,47.8,66.5,50.6,39.8,52.6,48.3,35.7,38% 47% 15%,4.1,MidLateLate+48.6%43.1%42.3%26138123,pos 1
95,Troll Warlord,Bad Influence,2,Bad Influence,2928,418,46.4,50.1,6.1,52.0,41.3,0.0,46.7,46.5,31% 47% 22%,1.8,MidLateLate+43.3%49.2%47.9%48187183,pos 1
53,Nature's Prophet,Soothing Saplings,1,Soothing Saplings,2918,352,46.0,43.8,18.1,47.9,44.4,45.1,47.8,42.3,33% 51% 17%,3.1,MidLateLate+52.8%39.1%46.9%32159161,pos 1
53,Nature's Prophet,Nature's Profit,2,Nature's Profit,2917,340,44.7,45.3,18.1,51.4,37.6,56.0,40.3,50.0,27% 49% 23%,1.2,MidLateLate+48.5%42.1%43.2%37132171,pos 1
54,Lifestealer,Fleshfeast,1,Fleshfeast,2907,966,48.6,50.9,13.3,51.8,45.4,56.5,46.3,51.3,28% 49% 23%,1.1,MidLateLate+44.9%50.8%56.4%78450439,pos 1
94,Medusa,Venomous Volley,2,Venomous Volley,2899,1379,48.6,49.9,13.4,52.8,44.6,57.1,49.6,48.0,31% 53% 17%,2.5,MidLateLate+36.9%57.3%56.7%180583616,pos 1
48,Luna,Moonstorm,2,Moonstorm,2895,2051,49.8,49.5,12.2,52.2,47.6,47.6,50.1,49.7,29% 50% 20%,1.8,MidLateLate+52.5%47.8%43.8%1621026864,pos 1
21,Windranger,Tangled,1,Tangled,2880,3551,50.1,50.6,49.6,53.7,46.5,49.1,51.1,48.4,35% 48% 17%,3.3,MidLateLate+48.8%52.1%48.4%47115381546,pos 1
8,Juggernaut,Bladestorm,1,Bladestorm,2862,727,45.9,49.5,22.8,48.2,43.5,40.0,43.7,51.4,32% 45% 23%,2.0,MidLateLate+47.0%43.3%54.8%62345321,pos 1
70,Ursa,Grudge Bearer,1,Grudge Bearer,2859,1636,48.2,49.1,30.6,50.7,45.5,42.9,49.8,45.7,32% 47% 21%,1.9,MidLateLate+45.4%50.1%52.6%156738745,pos 1
44,Phantom Assassin,Methodical,1,Methodical,2854,357,40.3,43.6,11.4,42.1,38.5,28.6,37.8,45.4,29% 39% 31%,-0.3,MidLateLate+35.2%48.6%35.0%40176142,pos 1
41,Faceless Void,Chronosphere,1,Chronosphere,2838,3268,49.6,50.8,15.7,52.2,47.0,42.7,49.5,50.1,21% 51% 29%,-1.5,MidLateLate+40.2%56.0%57.4%32913631580,pos 1
67,Spectre,Ephemeral,1,Ephemeral,2816,1127,47.4,51.7,11.0,50.2,44.4,31.9,49.7,45.0,21% 50% 29%,-1.4,MidLateLate+36.3%55.4%54.0%137468523,pos 1
72,Gyrocopter,Secondary Strikes,1,Secondary Strikes,2814,951,46.0,45.7,12.0,51.8,40.0,48.1,45.4,46.4,35% 49% 15%,3.7,MidLateLate+39.3%52.3%46.3%95420436,pos 1
48,Luna,Moonshield,1,Moonshield,2813,1522,48.1,48.6,12.2,52.0,44.2,40.5,49.2,46.5,28% 49% 23%,1.2,MidLateLate+48.0%47.0%54.5%112769642,pos 1
49,Dragon Knight,Corrosive Dragon,2,Corrosive Dragon,2794,1308,47.2,47.4,11.6,50.7,43.3,45.5,48.5,44.8,39% 46% 14%,4.6,MidLateLate+49.8%46.7%35.8%120638552,pos 1
1,Anti-Mage,Mana Thirst,2,Mana Thirst,2772,4335,49.6,50.6,33.7,52.6,46.5,46.6,49.1,50.3,29% 46% 25%,0.9,MidLateLate+44.1%54.8%52.9%43320351872,pos 1
114,Monkey King,Changing of the Guard,2,Changing of the Guard,2770,1099,46.0,47.3,11.4,47.0,45.1,39.0,46.3,46.6,42% 43% 16%,4.7,MidLateLate+47.6%43.7%50.0%112485503,pos 1
15,Razor,Thunderhead,1,Thunderhead,2761,1931,47.9,46.5,55.8,52.1,43.3,43.8,46.3,52.6,47% 42% 11%,6.2,MidLateLate+47.9%47.7%48.0%254791889,pos 1
109,Terrorblade,Condemned,1,Condemned,2761,1195,45.8,44.4,8.3,47.1,44.5,49.0,44.3,47.8,23% 50% 27%,-0.6,MidLateLate+45.2%46.4%46.3%121600474,pos 1
18,Sven,Wrath of God,2,Wrath of God,2718,1819,47.3,47.2,8.9,50.6,44.2,53.4,46.9,47.5,21% 52% 28%,-1.0,MidLateLate+43.5%51.1%46.5%213772836,pos 1
10,Morphling,Ebb,1,Ebb,2656,4606,49.0,48.6,25.3,51.7,46.1,51.8,49.1,48.5,27% 52% 21%,0.7,MidLateLate+50.0%47.5%49.3%36123481902,pos 1
44,Phantom Assassin,Sweet Release,2,Sweet Release,2630,2551,47.5,48.6,11.4,50.7,44.3,44.5,48.2,46.5,24% 49% 27%,-0.5,MidLateLate+39.5%54.9%54.7%24512111097,pos 1
72,Gyrocopter,Afterburner,2,Afterburner,2550,1820,44.9,45.8,12.0,49.5,40.7,34.8,46.4,43.2,39% 46% 15%,4.6,MidLateLate+42.9%47.1%44.7%188832801,pos 1
138,Muerta,Quickdraw,2,Quickdraw,2445,2288,44.9,45.7,12.6,46.7,43.2,44.8,45.1,44.7,37% 47% 16%,4.1,MidLateLate+42.6%46.3%47.1%2959201077,pos 1
145,Kez,Flutter,1,Flutter,2295,4026,46.6,50.4,30.1,50.7,42.4,44.6,46.7,47.8,40% 44% 16%,4.2,MidLateLate+47.2%46.1%45.5%41317961821,pos 1
74,Invoker,Agent of Gallaron,3,Agent of Gallaron,3748,6724,53.9,53.8,56.0,56.4,51.4,55.7,54.4,51.1,16% 44% 40%,-5.0,MidLateLate+51.5%56.0%53.9%78129552996,pos 2
155,Largo,Musical pilgrimmage,1,Musical pilgrimmage,3260,555,63.2,62.3,37.0,63.2,63.3,65.5,59.0,63.5,22% 46% 31%,-1.8,MidLateLate+66.0%61.9%55.3%47256252,pos 2
82,Meepo,More Meepo,1,More Meepo,3241,942,56.9,57.9,19.8,58.0,55.9,50.0,56.6,57.7,29% 51% 20%,1.5,MidLateLate+55.5%59.1%55.8%52539352,pos 2
113,Arc Warden,Power Capture,2,Power Capture,3212,1194,55.5,56.4,14.2,55.8,55.2,60.7,55.0,54.9,34% 41% 25%,1.7,MidLateLate+51.5%58.5%60.0%130555511,pos 2
90,Keeper of the Light,Solar Bind,1,Solar Bind,3190,896,56.8,55.9,8.6,60.2,53.4,52.9,60.1,56.6,27% 53% 19%,1.3,MidLateLate+63.2%51.2%50.6%89427381,pos 2
92,Visage,Sepulchre,1,Sepulchre,3188,316,65.2,64.8,10.9,68.2,62.3,56.0,69.1,62.5,32% 45% 23%,1.8,MidLateLate+72.0%58.3%46.2%26182108,pos 2
74,Invoker,Scholar of Koryx,1,Scholar of Koryx,3181,545,59.3,55.8,56.0,61.1,57.4,59.2,56.0,62.2,18% 40% 42%,-5.2,MidLateLate+61.7%57.3%57.7%52248246,pos 2
136,Marci,Pick-me-up,2,Pick-me-up,3153,885,55.0,59.3,15.2,60.2,50.0,59.0,55.6,51.9,45% 34% 22%,4.6,MidLateLate+62.7%49.0%39.0%77450359,pos 2
74,Invoker,Mind of Tornarus,2,Mind of Tornarus,3128,1365,53.6,51.8,56.0,56.3,51.0,53.6,53.1,54.1,13% 45% 42%,-5.6,MidLateLate+54.4%53.2%53.4%146559663,pos 2
61,Broodmother,Feeding Frenzy,2,Feeding Frenzy,3097,561,55.8,55.2,29.3,62.0,49.8,56.3,56.4,55.6,30% 36% 34%,-1.7,MidLateLate+61.9%48.4%47.4%38310213,pos 2
61,Broodmother,Necrotic Webs,1,Necrotic Webs,3080,444,54.7,55.8,29.3,55.8,53.6,66.7,52.3,54.9,28% 38% 34%,-2.3,MidLateLate+63.2%42.8%51.6%31247166,pos 2
76,Outworld Destroyer,Obsidian Decimator,1,Obsidian Decimator,3075,1729,51.5,50.7,21.8,54.9,47.7,64.3,52.3,51.0,33% 43% 24%,1.8,MidLateLate+46.3%56.5%53.9%191799742,pos 2
59,Huskar,Cauterize,1,Cauterize,3062,2628,51.6,52.1,50.7,54.7,48.7,37.9,49.7,52.1,56% 29% 15%,10.4,MidLateLate+57.5%45.3%40.8%18414291016,pos 2
97,Magnus,Diminishing Return,2,Diminishing Return,3051,1021,52.3,51.8,29.0,54.8,49.9,49.6,52.4,52.9,25% 44% 31%,-1.4,MidLateLate+55.3%49.6%51.0%100472450,pos 2
13,Puck,Curveball,2,Curveball,3037,3840,50.8,52.5,29.8,54.0,47.5,50.0,49.5,51.4,26% 47% 27%,-0.2,MidLateLate+50.0%51.2%52.4%41417451682,pos 2
59,Huskar,Incendiary,2,Incendiary,3035,482,52.1,50.8,50.7,58.4,46.2,18.2,57.4,52.1,66% 21% 13%,13.4,MidLateLate+55.1%49.8%42.9%28245209,pos 2
14,Pudge,Rotten Core,2,Rotten Core,3033,550,52.2,52.3,90.6,56.7,47.6,52.0,44.7,59.8,23% 45% 31%,-1.8,MidLateLate+50.0%51.4%67.3%52252247,pos 2
65,Batrider,Arsonist,2,Arsonist,3032,690,52.5,51.6,14.1,55.8,49.0,47.6,48.1,54.3,30% 35% 35%,-1.2,MidLateLate+51.7%53.7%49.3%69315307,pos 2
15,Razor,Thunderhead,1,Thunderhead,3024,1062,51.0,50.5,55.8,56.6,45.2,53.3,49.1,51.9,28% 45% 26%,0.3,MidLateLate+52.5%49.8%50.5%109488466,pos 2
7,Earthshaker,Tectonic Buildup,1,Tectonic Buildup,3023,1129,51.7,50.6,21.8,53.2,50.3,56.1,49.6,52.1,17% 47% 35%,-3.8,MidLateLate+52.9%53.7%40.4%136488508,pos 2
107,Earth Spirit,Reformation,1,Reformation,3015,787,51.6,53.3,11.3,56.0,47.4,54.8,47.9,52.4,17% 48% 35%,-3.4,MidLateLate+58.1%47.2%45.2%93334360,pos 2
120,Pangolier,Dangerous Liaisons,1,Dangerous Liaisons,3015,473,51.6,51.3,6.6,55.3,48.2,42.4,54.4,51.0,24% 50% 26%,-0.7,MidLateLate+52.1%52.3%47.5%61213199,pos 2
110,Phoenix,Dying Light,1,Dying Light,3008,613,50.9,53.6,16.8,52.7,49.2,52.9,52.2,49.1,45% 36% 19%,5.5,MidLateLate+60.7%41.4%42.3%52300261,pos 2
73,Alchemist,Seed Money,1,Seed Money,3007,234,51.7,50.7,11.4,57.5,45.6,15.4,56.0,52.7,56% 35% 10%,8.3,MidLateLate+50.4%53.4%52.6%19113103,pos 2
46,Templar Assassin,Refractor,2,Refractor,3002,387,50.9,50.1,18.6,54.5,47.5,51.3,52.4,49.7,30% 52% 18%,1.9,MidLateLate+57.8%43.4%45.9%37199152,pos 2
52,Leshrac,Chronoptic Nourishment,1,Chronoptic Nourishment,3002,818,51.0,50.6,13.2,53.2,48.6,59.5,46.8,52.1,30% 47% 23%,1.2,MidLateLate+50.8%50.8%51.4%74388358,pos 2
101,Skywrath Mage,Shield of the Scion,1,Shield of the Scion,3002,969,51.7,51.5,33.9,51.8,51.6,51.6,51.3,52.0,40% 38% 22%,4.1,MidLateLate+51.7%51.6%51.6%126412432,pos 2
1,Anti-Mage,Mana Thirst,2,Mana Thirst,3001,213,50.7,52.6,33.7,50.9,50.5,30.0,48.1,53.0,29% 41% 30%,-0.7,MidLateLate+50.0%52.3%47.6%2110686,pos 2
100,Tusk,Tag Team,1,Tag Team,3000,265,50.6,52.3,25.1,53.0,48.1,54.4,50.6,48.7,27% 45% 28%,-1.3,MidLateLate+53.7%47.9%48.1%27121117,pos 2
14,Pudge,Fresh Meat,1,Fresh Meat,2998,719,50.9,52.7,90.6,54.4,46.8,50.7,54.0,47.6,22% 41% 37%,-2.9,MidLateLate+52.8%49.5%46.8%47339333,pos 2
101,Skywrath Mage,Staff of the Scion,2,Staff of the Scion,2993,624,51.1,51.0,33.9,49.8,52.5,55.0,47.7,51.4,37% 40% 23%,3.4,MidLateLate+48.0%54.9%45.9%61271293,pos 2
86,Rubick,Arcane Accumulation,2,Arcane Accumulation,2991,1335,50.8,55.3,51.4,55.7,46.0,52.9,49.5,51.1,30% 48% 23%,1.1,MidLateLate+54.0%48.0%49.0%153570614,pos 2
93,Slark,Fugitive,1,Fugitive,2987,353,50.1,52.6,45.8,55.4,45.5,43.2,51.7,50.8,18% 32% 50%,-7.1,MidLateLate+49.4%48.9%59.5%37178139,pos 2
43,Death Prophet,Spirit Collector,1,Spirit Collector,2986,553,50.5,53.6,8.3,53.7,46.7,45.0,46.3,54.2,50% 39% 11%,8.4,MidLateLate+56.1%45.5%44.7%47262244,pos 2
137,Primal Beast,Ferocity,2,Ferocity,2985,1196,50.8,52.2,14.4,57.8,43.8,51.8,49.2,51.8,15% 44% 41%,-5.0,MidLateLate+47.4%53.3%56.0%125549522,pos 2
16,Sand King,Final Sting,2,Final Sting,2982,209,48.3,46.5,9.4,46.2,50.0,33.3,55.7,43.8,13% 47% 40%,-5.5,MidLateLate+41.3%52.4%55.6%2780103,pos 2
32,Riki,Cutthroat,1,Cutthroat,2978,482,50.2,52.4,10.3,52.4,47.8,23.8,52.5,50.4,16% 38% 46%,-6.5,MidLateLate+50.0%49.2%54.7%53240191,pos 2
28,Slardar,Leg Day,1,Leg Day,2975,634,49.8,49.7,15.6,54.8,45.6,53.8,50.0,49.5,25% 41% 34%,-1.6,MidLateLate+44.2%55.4%54.9%51312271,pos 2
113,Arc Warden,Runed Replica,1,Runed Replica,2974,306,48.7,52.4,14.2,55.1,42.0,42.9,44.0,53.2,40% 34% 25%,2.5,MidLateLate+44.6%52.8%51.6%31148127,pos 2
138,Muerta,Quickdraw,2,Quickdraw,2973,294,49.3,46.1,12.6,50.3,48.3,54.9,43.1,51.8,33% 48% 20%,2.4,MidLateLate+43.8%54.2%56.3%32144118,pos 2
52,Leshrac,Misanthropy,2,Misanthropy,2968,1368,50.3,51.6,13.2,53.7,46.8,53.6,50.4,50.1,24% 48% 28%,-0.5,MidLateLate+44.7%54.1%57.2%138599632,pos 2
88,Nyx Assassin,Scuttle,2,Scuttle,2967,325,48.0,44.7,19.4,51.0,45.4,45.9,44.1,50.8,15% 44% 41%,-5.4,MidLateLate+48.6%48.3%43.8%32142151,pos 2
114,Monkey King,Changing of the Guard,2,Changing of the Guard,2964,829,49.8,50.7,11.4,53.4,46.2,49.3,49.0,50.3,30% 37% 33%,-0.7,MidLateLate+50.5%49.2%49.5%91382356,pos 2
56,Clinkz,Trial By Pyre,1,Trial By Pyre,2956,504,48.4,48.9,39.5,47.9,49.0,52.7,47.6,47.3,30% 49% 21%,1.5,MidLateLate+51.9%44.5%48.3%58237209,pos 2
86,Rubick,Frugal Filch,1,Frugal Filch,2956,1059,50.0,52.1,51.4,54.2,45.8,56.6,49.9,47.9,33% 45% 22%,1.7,MidLateLate+56.9%45.8%40.8%130462467,pos 2
16,Sand King,Sandblast,1,Sandblast,2953,602,48.7,49.5,9.4,47.6,49.7,61.1,47.9,47.7,16% 48% 37%,-4.3,MidLateLate+43.7%53.0%47.7%88231283,pos 2
76,Outworld Destroyer,Overwhelming Devourer,2,Overwhelming Devourer,2948,555,49.4,50.9,21.8,54.8,43.8,50.0,43.7,50.9,41% 42% 16%,4.4,MidLateLate+46.3%53.2%46.0%63244248,pos 2
39,Queen of Pain,Masochist,1,Masochist,2945,1683,50.3,49.4,44.7,53.1,47.5,52.3,50.0,50.3,25% 44% 31%,-1.3,MidLateLate+47.8%51.4%55.7%194744747,pos 2
126,Void Spirit,Call of the Void,2,Call of the Void,2943,412,47.1,47.8,18.9,52.9,41.2,53.8,41.1,50.2,15% 47% 39%,-5.4,MidLateLate+45.2%46.7%57.5%40188184,pos 2
80,Lone Druid,Forbearance,1,Forbearance,2942,548,47.6,50.0,13.6,51.2,43.8,43.7,51.2,46.2,54% 32% 14%,8.4,MidLateLate+50.0%42.7%56.0%50282218,pos 2
98,Timbersaw,Twisted Chakram,2,Twisted Chakram,2941,516,48.3,45.6,19.6,55.6,40.8,42.9,42.7,50.9,19% 47% 34%,-2.8,MidLateLate+42.5%54.3%42.0%50221247,pos 2
25,Lina,Thermal Runaway,1,Thermal Runaway,2939,2157,50.3,52.0,17.9,53.4,47.1,56.2,46.1,51.7,37% 45% 18%,3.7,MidLateLate+50.2%49.8%51.7%230936993,pos 2
9,Mirana,Starstruck,1,Starstruck,2936,281,46.3,47.4,9.9,49.7,42.2,47.9,50.5,41.4,19% 46% 35%,-3.0,MidLateLate+36.1%51.6%60.5%38119124,pos 2
23,Kunkka,High Tide,1,High Tide,2934,762,49.5,54.0,9.0,51.6,47.5,51.4,49.2,49.3,42% 41% 17%,4.6,MidLateLate+54.2%44.7%47.0%100354311,pos 2
35,Sniper,Ghillie Suit,1,Ghillie Suit,2924,1492,50.0,50.9,24.7,50.8,49.1,56.1,47.8,50.5,40% 44% 16%,4.8,MidLateLate+54.3%47.0%46.1%193630670,pos 2
53,Nature's Prophet,Soothing Saplings,1,Soothing Saplings,2921,299,42.5,46.3,18.1,47.9,37.4,47.5,42.1,40.6,19% 49% 31%,-3.0,MidLateLate+43.7%39.9%57.1%14142143,pos 2
13,Puck,Jostling Rift,1,Jostling Rift,2913,990,48.3,50.2,29.8,51.9,44.9,60.0,46.3,48.9,23% 47% 30%,-1.6,MidLateLate+45.9%51.4%46.5%86492414,pos 2
26,Lion,Fist of Death,2,Fist of Death,2911,575,46.6,47.3,49.8,51.6,41.8,45.0,44.7,49.1,20% 43% 37%,-3.2,MidLateLate+41.2%50.7%50.0%58243274,pos 2
10,Morphling,Flow,2,Flow,2910,210,41.0,42.8,25.3,47.1,35.2,38.1,37.6,47.4,43% 46% 11%,5.1,MidLateLate+35.4%48.3%35.7%289687,pos 2
17,Storm Spirit,Static Slide,2,Static Slide,2905,5002,50.5,52.4,22.0,53.6,47.5,53.3,48.8,51.2,18% 48% 34%,-3.1,MidLateLate+45.5%54.2%57.3%53223362136,pos 2
21,Windranger,Tangled,1,Tangled,2904,407,44.2,45.9,49.6,43.4,45.0,55.6,40.9,44.0,21% 47% 32%,-2.6,MidLateLate+47.0%42.0%44.2%43164200,pos 2
25,Lina,Slow Burn,2,Slow Burn,2897,1079,48.0,53.0,17.9,50.3,45.6,46.5,50.3,46.9,39% 42% 19%,4.1,MidLateLate+47.1%49.2%46.0%126454500,pos 2
36,Necrophos,Rapid Decay,2,Rapid Decay,2897,818,47.3,47.7,23.1,53.2,41.1,40.7,47.4,47.6,50% 34% 16%,6.3,MidLateLate+45.4%48.8%49.3%67361391,pos 2
145,Kez,Flutter,1,Flutter,2887,1361,48.9,49.2,30.1,52.2,45.5,52.3,46.6,49.3,33% 42% 24%,1.8,MidLateLate+50.9%47.3%46.6%131632601,pos 2
47,Viper,Poison Burst,1,Poison Burst,2879,435,43.7,45.2,29.4,46.6,40.7,26.3,39.3,46.4,46% 35% 19%,5.0,MidLateLate+45.3%44.2%35.0%40190206,pos 2
49,Dragon Knight,Corrosive Dragon,2,Corrosive Dragon,2872,559,45.4,47.4,11.6,47.4,43.3,40.9,42.2,47.0,35% 47% 18%,2.8,MidLateLate+47.5%45.5%34.6%52261246,pos 2
11,Shadow Fiend,Lasting Presence,1,Lasting Presence,2869,734,47.0,45.0,66.5,51.8,41.6,51.1,46.7,44.3,31% 43% 26%,0.4,MidLateLate+45.7%47.5%49.4%87326322,pos 2
39,Queen of Pain,Bondage,2,Bondage,2867,5504,50.2,51.2,44.7,54.4,46.1,54.1,48.7,50.6,30% 44% 27%,0.6,MidLateLate+48.5%51.8%50.2%66023542495,pos 2
126,Void Spirit,Sanctuary,1,Sanctuary,2867,3975,50.2,50.0,18.9,53.2,47.1,51.0,48.6,51.1,21% 46% 33%,-2.4,MidLateLate+50.0%50.9%47.7%38818241765,pos 2
53,Nature's Prophet,Nature's Profit,2,Nature's Profit,2855,357,40.9,43.2,18.1,42.9,38.9,44.4,44.6,37.2,19% 48% 34%,-3.2,MidLateLate+46.1%35.0%50.0%28152177,pos 2
21,Windranger,Killshot,2,Killshot,2850,855,46.8,47.0,49.6,51.9,40.7,47.4,45.7,47.2,26% 49% 25%,0.4,MidLateLate+45.9%46.3%54.3%70388397,pos 2
22,Zeus,Divine Rampage,2,Divine Rampage,2837,429,41.0,45.6,20.9,45.0,37.0,46.9,40.7,39.9,18% 47% 35%,-2.9,MidLateLate+39.6%40.7%47.2%53187189,pos 2
38,Beastmaster,Beast Mode,2,Beast Mode,2823,1415,48.5,47.9,21.8,54.1,42.5,51.7,49.7,46.9,33% 45% 23%,1.9,MidLateLate+50.4%46.2%48.4%124701591,pos 2
19,Tiny,Crash Landing,1,Crash Landing,2763,2351,48.7,48.1,32.1,51.5,46.1,49.4,46.9,49.8,23% 51% 27%,-1.0,MidLateLate+51.4%47.4%41.6%20910851059,pos 2
34,Tinker,Translocator,2,Translocator,2760,3102,49.7,50.3,42.7,50.4,49.0,51.3,49.7,49.1,20% 53% 27%,-1.7,MidLateLate+45.2%52.5%54.2%40412751425,pos 2
47,Viper,Caustic Bath,2,Caustic Bath,2758,1919,47.9,48.0,29.4,52.0,44.2,52.3,45.7,48.6,41% 41% 18%,4.9,MidLateLate+49.9%46.2%47.0%232822866,pos 2
36,Necrophos,Profane Potency,1,Profane Potency,2756,1787,47.7,53.1,23.1,50.4,44.9,56.3,45.6,48.2,50% 34% 16%,7.3,MidLateLate+50.7%45.4%41.3%155885749,pos 2
106,Ember Spirit,Chain Gang,2,Chain Gang,2670,4957,48.9,48.7,22.8,52.5,45.3,61.4,49.0,48.4,22% 43% 34%,-2.6,MidLateLate+51.1%46.8%47.7%49323162151,pos 2
11,Shadow Fiend,Shadowmire,2,Shadowmire,2623,3287,48.3,48.8,66.5,51.7,44.7,49.9,48.4,47.3,36% 42% 22%,2.7,MidLateLate+47.2%49.5%48.1%42613851479,pos 2
22,Zeus,Livewire,1,Livewire,2617,1181,43.2,44.6,20.9,45.3,41.0,39.4,44.5,43.1,26% 48% 26%,0.0,MidLateLate+39.6%45.5%47.4%137512532,pos 2
35,Sniper,Scattershot,2,Scattershot,2598,1495,43.7,45.1,24.7,47.2,40.3,34.3,42.0,45.5,44% 41% 16%,5.9,MidLateLate+45.3%42.7%41.7%180643672,pos 2
15,Razor,Thunderhead,1,Thunderhead,4000,7743,54.7,54.9,55.8,56.5,52.8,54.6,54.5,58.4,25% 48% 27%,-0.5,MidLateLate+58.7%51.6%47.9%74737333274,pos 3
155,Largo,Musical pilgrimmage,1,Musical pilgrimmage,3499,4097,53.7,53.7,37.0,57.5,49.9,54.3,53.4,52.6,15% 48% 37%,-4.0,MidLateLate+51.0%55.7%57.4%41118801810,pos 3
14,Pudge,Fresh Meat,1,Fresh Meat,3295,1826,54.8,54.8,90.6,59.4,49.9,54.9,54.4,58.3,20% 48% 32%,-2.0,MidLateLate+57.4%51.5%57.3%206824796,pos 3
33,Enigma,Splitting Image,2,Splitting Image,3251,858,58.2,59.2,8.6,60.3,56.0,51.4,57.7,65.2,30% 45% 24%,1.0,MidLateLate+63.9%53.3%53.9%102388368,pos 3
104,Legion Commander,Spoils of War,2,Spoils of War,3228,1196,55.9,55.1,30.7,58.1,53.6,53.3,55.4,60.7,18% 46% 36%,-3.2,MidLateLate+56.3%55.9%54.1%111547538,pos 3
57,Omniknight,Omnipresent,1,Omnipresent,3122,1664,52.8,54.8,17.2,56.4,49.3,52.4,53.1,51.0,29% 46% 26%,1.1,MidLateLate+55.8%50.7%46.5%159824681,pos 3
55,Dark Seer,Quick Wit,1,Quick Wit,3115,1133,53.5,52.0,8.2,52.1,54.9,54.2,52.9,57.0,12% 45% 42%,-5.1,MidLateLate+53.0%53.5%55.7%115532486,pos 3
85,Undying,Rotting Mitts,1,Rotting Mitts,3110,820,54.0,53.1,12.9,57.2,50.8,55.3,54.1,49.3,33% 48% 20%,2.1,MidLateLate+60.7%48.4%47.9%96382343,pos 3
104,Legion Commander,Stonehall Plate,1,Stonehall Plate,3100,3736,51.5,50.7,30.7,52.9,50.1,49.7,51.8,50.9,25% 46% 28%,-0.5,MidLateLate+55.5%47.5%51.0%36117111667,pos 3
41,Faceless Void,Time Zone,2,Time Zone,3097,436,55.7,57.2,15.7,59.4,52.1,56.8,55.3,58.6,7% 42% 51%,-7.9,MidLateLate+49.2%64.9%41.9%43191202,pos 3
61,Broodmother,Necrotic Webs,1,Necrotic Webs,3082,272,57.4,57.4,29.3,64.5,47.9,46.7,58.3,62.5,22% 39% 39%,-3.2,MidLateLate+64.3%51.5%44.4%27143103,pos 3
92,Visage,Death Toll,3,Death Toll,3082,636,53.1,53.2,10.9,58.0,48.4,54.6,53.3,48.2,29% 46% 25%,1.4,MidLateLate+52.1%54.5%53.1%49355233,pos 3
112,Winter Wyvern,Winterproof,1,Winterproof,3080,198,61.1,59.7,11.2,66.3,56.3,56.8,64.9,62.5,22% 41% 37%,-2.4,MidLateLate+62.8%58.3%64.3%288684,pos 3
93,Slark,Fugitive,1,Fugitive,3065,347,55.0,55.2,45.8,54.6,55.5,54.0,57.1,41.4,18% 43% 39%,-3.7,MidLateLate+51.7%58.2%60.6%33180134,pos 3
20,Vengeful Spirit,Soul Strike,2,Soul Strike,3059,515,53.8,52.5,10.0,57.1,50.7,50.0,54.1,59.0,17% 43% 39%,-4.3,MidLateLate+50.4%56.6%55.3%47224244,pos 3
14,Pudge,Rotten Core,2,Rotten Core,3056,1336,51.7,59.4,90.6,54.4,48.8,52.9,48.0,48.3,24% 47% 30%,-0.9,MidLateLate+55.3%49.2%47.4%133597606,pos 3
36,Necrophos,Profane Potency,1,Profane Potency,3052,957,51.8,51.3,23.1,56.4,47.6,56.0,52.0,46.6,34% 42% 24%,2.3,MidLateLate+51.7%51.0%57.3%96447416,pos 3
43,Death Prophet,Spirit Collector,1,Spirit Collector,3037,735,52.1,47.1,8.3,59.4,45.2,51.1,53.7,41.8,33% 45% 21%,2.3,MidLateLate+57.5%47.0%46.9%81358296,pos 3
39,Queen of Pain,Bondage,1,Bondage,3034,549,52.5,55.9,44.7,54.2,50.7,53.3,51.9,56.0,17% 48% 34%,-2.6,MidLateLate+52.4%53.3%48.4%64212274,pos 3
135,Dawnbreaker,Starsurge,2,Starsurge,3034,334,53.6,52.9,13.7,52.3,55.1,48.2,54.0,58.1,19% 50% 31%,-1.8,MidLateLate+51.7%53.6%61.1%36145153,pos 3
78,Brewmaster,Hungover,1,Hungover,3033,1212,51.2,52.9,10.2,56.1,46.6,50.2,51.7,49.3,17% 46% 37%,-4.0,MidLateLate+50.7%52.4%49.3%138558517,pos 3
47,Viper,Poison Burst,1,Poison Burst,3032,416,52.4,45.2,29.4,53.5,51.2,37.3,55.1,53.8,37% 43% 20%,3.5,MidLateLate+58.6%46.8%51.1%45181190,pos 3
107,Earth Spirit,Reformation,1,Reformation,3030,312,52.9,51.1,11.3,53.2,52.6,54.7,49.4,65.5,15% 42% 43%,-5.8,MidLateLate+53.6%52.6%51.4%37138137,pos 3
77,Lycan,Pack Leader,1,Pack Leader,3024,392,52.6,53.3,8.5,53.3,51.8,44.2,54.4,42.9,13% 45% 42%,-4.8,MidLateLate+60.2%43.2%52.8%36196162,pos 3
38,Beastmaster,Wild Hunt,1,Wild Hunt,3022,337,52.2,51.4,21.8,55.8,48.8,46.7,51.9,61.1,24% 43% 33%,-1.0,MidLateLate+60.7%43.7%37.5%24178135,pos 3
33,Enigma,Event Horizon,1,Event Horizon,3020,281,54.1,52.5,8.6,59.2,48.9,58.8,55.6,45.8,21% 50% 29%,-1.2,MidLateLate+57.8%50.4%51.9%27128127,pos 3
97,Magnus,Eternal Empowerment,1,Eternal Empowerment,3018,485,52.0,50.0,29.0,55.0,49.0,50.0,51.9,57.5,16% 47% 37%,-3.6,MidLateLate+52.8%51.6%50.0%52216219,pos 3
69,Doom,Impending Doom,2,Impending Doom,3015,242,52.5,50.0,9.7,50.4,54.5,58.2,47.3,65.5,18% 50% 31%,-2.2,MidLateLate+45.3%55.0%61.1%3686120,pos 3
88,Nyx Assassin,Scuttle,2,Scuttle,3009,246,52.0,53.1,19.4,55.7,48.9,39.0,55.4,60.0,16% 41% 43%,-4.9,MidLateLate+53.6%52.2%45.8%24110113,pos 3
81,Chaos Knight,Irrationality,1,Irrationality,3008,659,50.7,51.2,9.0,54.4,46.7,41.7,52.3,44.6,17% 50% 34%,-3.0,MidLateLate+49.2%51.2%55.3%76329254,pos 3
23,Kunkka,High Tide,1,High Tide,3003,919,51.0,51.7,9.0,51.3,50.8,50.8,50.9,52.0,22% 50% 28%,-1.0,MidLateLate+49.7%51.4%53.5%114374432,pos 3
36,Necrophos,Rapid Decay,2,Rapid Decay,2997,618,50.0,49.6,23.1,52.0,47.8,41.4,51.6,46.8,34% 41% 25%,1.7,MidLateLate+52.9%46.2%52.4%63295260,pos 3
71,Spirit Breaker,Bull Rush,1,Bull Rush,2997,400,50.5,55.4,30.7,50.3,50.7,45.3,52.3,52.6,12% 47% 41%,-5.3,MidLateLate+45.3%53.7%57.5%40172188,pos 3
63,Weaver,Skitterstep,1,Skitterstep,2995,349,50.4,49.3,35.9,59.1,39.1,52.5,49.3,50.0,21% 49% 30%,-2.3,MidLateLate+48.1%48.6%66.7%39162148,pos 3
16,Sand King,Final Sting,2,Final Sting,2994,320,50.9,55.1,9.4,60.8,42.4,35.5,54.4,41.5,10% 50% 41%,-5.5,MidLateLate+47.2%56.7%44.6%56123141,pos 3
136,Marci,Pick-me-up,2,Pick-me-up,2991,422,49.8,51.1,15.2,53.8,45.2,45.4,53.2,37.0,25% 42% 33%,-1.8,MidLateLate+55.0%47.3%39.2%51189182,pos 3
65,Batrider,Arsonist,2,Arsonist,2990,1708,51.1,52.3,14.1,55.8,46.6,53.2,49.8,59.5,13% 46% 41%,-4.7,MidLateLate+50.6%52.8%45.9%185751773,pos 3
23,Kunkka,Grog Blossom,2,Grog Blossom,2988,254,50.4,49.0,9.0,49.2,51.5,53.5,49.5,51.9,24% 48% 28%,-0.8,MidLateLate+49.1%50.9%55.6%27114114,pos 3
59,Huskar,Cauterize,1,Cauterize,2982,542,49.8,52.0,50.7,53.9,45.8,41.7,49.5,55.9,31% 44% 25%,1.5,MidLateLate+51.9%48.4%45.3%53268221,pos 3
97,Magnus,Diminishing Return,2,Diminishing Return,2980,2576,50.7,51.1,29.0,53.2,48.1,48.6,51.8,46.4,15% 49% 36%,-3.8,MidLateLate+55.0%47.6%46.3%30911211153,pos 3
145,Kez,Flutter,1,Flutter,2980,212,49.5,49.2,30.1,49.5,49.5,60.2,39.6,50.0,25% 50% 25%,-0.8,MidLateLate+52.5%47.0%46.2%1399100,pos 3
135,Dawnbreaker,Trailblazer,3,Trailblazer,2978,260,47.7,46.6,13.7,48.8,46.6,38.5,50.6,46.4,21% 48% 32%,-2.1,MidLateLate+45.6%49.0%50.0%32125104,pos 3
73,Alchemist,Dividends,3,Dividends,2968,281,48.8,40.5,11.4,52.7,44.4,49.4,45.3,66.7,14% 51% 36%,-3.6,MidLateLate+34.7%62.2%76.0%25147111,pos 3
126,Void Spirit,Sanctuary,1,Sanctuary,2967,425,48.9,52.0,18.9,51.5,46.6,37.5,50.9,54.1,16% 46% 39%,-3.8,MidLateLate+49.7%47.3%52.2%46177203,pos 3
137,Primal Beast,Ferocity,2,Ferocity,2966,2429,50.6,51.3,14.4,52.3,48.9,49.4,50.5,53.2,11% 45% 44%,-6.0,MidLateLate+47.3%52.5%57.0%25610721104,pos 3
29,Tidehunter,Kraken Swell,1,Kraken Swell,2964,1889,50.7,49.9,15.6,54.6,46.9,47.8,50.8,53.2,10% 46% 43%,-5.9,MidLateLate+48.4%53.4%51.1%190918784,pos 3
55,Dark Seer,Heart of Battle,2,Heart of Battle,2962,369,48.8,49.6,8.2,51.7,46.0,58.8,47.7,48.5,13% 44% 43%,-5.4,MidLateLate+46.8%51.2%46.7%30173166,pos 3
60,Night Stalker,Night Reign,1,Night Reign,2952,1752,49.9,50.7,13.3,54.3,45.1,44.4,50.6,48.6,19% 50% 31%,-2.3,MidLateLate+47.9%51.4%52.0%173772809,pos 3
40,Venomancer,Plague Carrier,2,Plague Carrier,2948,466,47.4,50.7,18.9,52.1,42.5,49.1,46.1,50.0,18% 41% 42%,-4.5,MidLateLate+51.2%45.2%41.4%58211197,pos 3
100,Tusk,Tag Team,1,Tag Team,2945,310,46.5,48.2,25.1,45.8,47.1,45.6,47.9,40.0,21% 50% 30%,-2.4,MidLateLate+48.7%43.6%46.5%43150117,pos 3
120,Pangolier,Dangerous Liaisons,1,Dangerous Liaisons,2943,446,48.0,50.6,6.6,50.9,45.0,44.3,49.9,33.3,15% 48% 36%,-4.0,MidLateLate+51.6%45.7%45.0%60190197,pos 3
28,Slardar,Brineguard,2,Brineguard,2940,262,44.7,44.8,15.6,53.8,35.6,40.0,44.9,46.4,14% 40% 46%,-6.6,MidLateLate+42.1%47.6%43.8%16121126,pos 3
21,Windranger,Tangled,1,Tangled,2939,585,48.5,50.2,49.6,51.6,45.8,43.8,51.1,45.8,22% 49% 29%,-1.8,MidLateLate+47.7%48.6%50.7%73260253,pos 3
110,Phoenix,Dying Light,1,Dying Light,2938,1111,49.5,50.1,16.8,53.8,45.5,44.7,51.6,44.2,24% 49% 27%,-0.5,MidLateLate+55.2%46.7%38.1%134505473,pos 3
49,Dragon Knight,Corrosive Dragon,2,Corrosive Dragon,2935,352,46.3,47.4,11.6,43.6,48.7,47.2,46.5,43.9,25% 48% 27%,-0.1,MidLateLate+47.4%45.2%46.7%45173135,pos 3
102,Abaddon,The Quickening,1,The Quickening,2934,365,47.1,47.8,14.4,50.6,44.1,42.4,47.3,50.0,20% 42% 38%,-3.9,MidLateLate+50.0%44.3%42.9%28188149,pos 3
135,Dawnbreaker,Solar Charged,1,Solar Charged,2922,1360,49.8,49.8,13.7,53.0,46.7,49.0,50.3,46.9,17% 49% 33%,-2.7,MidLateLate+50.6%48.9%50.0%126635599,pos 3
69,Doom,Gluttony,1,Gluttony,2921,1142,49.2,49.4,9.7,52.4,46.2,46.4,48.6,54.2,17% 51% 32%,-2.8,MidLateLate+46.2%52.0%50.0%128494521,pos 3
16,Sand King,Sandblast,1,Sandblast,2912,785,48.3,50.7,9.4,49.6,46.9,52.9,47.5,48.8,10% 46% 44%,-6.2,MidLateLate+40.0%53.7%52.5%99305382,pos 3
47,Viper,Caustic Bath,2,Caustic Bath,2912,1609,49.5,50.6,29.4,54.1,45.1,52.5,49.1,49.4,31% 47% 23%,1.6,MidLateLate+52.1%47.2%49.0%196691722,pos 3
63,Weaver,Hivemind,2,Hivemind,2907,244,41.0,46.3,35.9,41.4,40.6,46.7,38.2,41.2,13% 45% 42%,-5.0,MidLateLate+40.5%38.8%50.0%30111103,pos 3
108,Underlord,Abyssal Horde,2,Abyssal Horde,2907,489,46.4,46.0,26.1,47.0,45.9,46.5,48.0,34.8,14% 49% 37%,-4.1,MidLateLate+47.9%43.6%50.0%70217202,pos 3
84,Ogre Magi,Learning Curve,2,Learning Curve,2882,292,40.8,45.0,18.2,49.3,32.4,39.8,40.6,45.5,18% 54% 28%,-1.6,MidLateLate+44.2%37.0%40.7%27138127,pos 3
21,Windranger,Killshot,2,Killshot,2881,913,47.8,48.3,49.6,51.8,43.6,44.9,48.4,53.8,22% 51% 27%,-0.8,MidLateLate+48.4%45.7%54.4%103368442,pos 3
7,Earthshaker,Tectonic Buildup,1,Tectonic Buildup,2879,921,47.8,48.1,21.8,52.8,42.7,39.0,51.1,46.1,9% 46% 45%,-6.4,MidLateLate+44.2%47.3%59.0%134355433,pos 3
7,Earthshaker,Resonating Ridge,2,Resonating Ridge,2875,276,39.1,40.5,21.8,45.2,34.0,34.0,39.7,42.5,4% 41% 54%,-9.5,MidLateLate+40.2%37.0%44.8%29112135,pos 3
42,Wraith King,Bone Guard,1,Bone Guard,2875,580,46.0,46.9,8.1,48.6,43.4,42.0,47.5,39.6,17% 47% 37%,-3.8,MidLateLate+42.7%49.2%50.0%52286242,pos 3
96,Centaur Warrunner,Counter-Strike,1,Counter-Strike,2859,640,45.8,46.7,11.8,45.1,46.4,46.4,44.6,52.9,15% 46% 38%,-4.2,MidLateLate+40.5%50.2%53.1%64309267,pos 3
2,Axe,One Man Army,1,One Man Army,2841,3976,49.8,50.3,38.0,53.1,46.3,48.1,50.4,47.6,23% 45% 32%,-1.6,MidLateLate+49.1%50.5%49.2%45716781845,pos 3
28,Slardar,Leg Day,1,Leg Day,2836,3027,49.4,50.3,15.6,54.6,44.1,48.6,49.9,45.2,16% 45% 39%,-4.4,MidLateLate+46.5%51.3%54.0%29813771353,pos 3
96,Centaur Warrunner,Horsepower,2,Horsepower,2809,2668,48.9,49.1,11.8,51.5,46.3,48.1,48.9,49.3,14% 49% 37%,-4.1,MidLateLate+43.7%52.6%55.0%27811891202,pos 3
38,Beastmaster,Beast Mode,2,Beast Mode,2796,1934,48.3,47.6,21.8,54.2,43.0,45.7,48.4,50.3,19% 44% 37%,-3.2,MidLateLate+49.1%48.2%45.1%173949815,pos 3
98,Timbersaw,Shredder,1,Shredder,2770,1104,45.9,46.1,19.6,48.8,43.3,42.7,45.6,50.3,16% 43% 41%,-4.8,MidLateLate+46.7%44.9%47.2%108510486,pos 3
29,Tidehunter,Krill Eater,2,Krill Eater,2745,1871,48.2,48.3,15.6,53.9,42.8,36.7,48.3,55.7,10% 39% 51%,-7.4,MidLateLate+44.8%51.1%49.0%208834831,pos 3
19,Tiny,Crash Landing,1,Crash Landing,2703,1087,44.4,44.7,32.1,47.2,41.5,46.1,44.0,42.9,14% 47% 39%,-4.9,MidLateLate+49.5%40.7%39.6%101479508,pos 3
2,Axe,Call Out,2,Call Out,2658,1526,45.2,46.5,38.0,48.7,41.8,39.2,46.5,41.9,20% 44% 37%,-3.1,MidLateLate+40.9%49.8%44.0%168701660,pos 3
98,Timbersaw,Twisted Chakram,2,Twisted Chakram,2617,2061,46.2,45.8,19.6,49.0,43.4,43.9,46.8,43.0,11% 47% 42%,-6.0,MidLateLate+43.4%48.7%47.8%224950891,pos 3
129,Mars,Victory Feast,1,Victory Feast,2607,3915,48.4,48.8,35.0,51.6,45.2,44.9,49.5,45.7,13% 48% 39%,-4.6,MidLateLate+48.5%48.9%45.9%36217451813,pos 3
99,Bristleback,Seeing Red,2,Seeing Red,2566,1702,44.7,44.9,10.0,48.9,40.7,48.1,44.6,41.7,17% 49% 34%,-3.2,MidLateLate+42.8%46.2%46.8%186797719,pos 3
129,Mars,Blood Sport,2,Blood Sport,2536,3542,47.6,47.1,35.0,51.0,44.3,44.8,48.6,44.6,12% 48% 40%,-5.2,MidLateLate+47.0%48.6%46.2%41814821643,pos 3
108,Underlord,Demon's Reach,1,Demon's Reach,2359,5327,47.9,49.8,26.1,51.7,44.2,44.8,49.0,43.7,17% 51% 32%,-2.8,MidLateLate+48.1%48.1%46.4%53524882308,pos 3
71,Spirit Breaker,Bull Rush,1,Bull Rush,3565,5078,53.7,59.2,30.7,56.9,50.4,53.7,53.8,50.5,17% 48% 34%,-2.9,MidLateLate+54.1%53.8%50.7%44023712269,pos 4
88,Nyx Assassin,Scuttle,2,Scuttle,3307,2125,55.1,57.9,19.4,58.5,51.6,54.7,55.4,60.0,12% 44% 44%,-5.7,MidLateLate+53.2%56.2%57.7%234938956,pos 4
83,Treant Protector,Uprooted,1,Uprooted,3283,930,59.2,57.5,23.3,61.5,56.9,60.8,53.3,35.7,25% 49% 26%,0.0,MidLateLate+62.4%57.3%51.2%80450400,pos 4
62,Bounty Hunter,Through and Through,1,Through and Through,3266,2229,54.1,62.8,13.5,56.6,51.6,53.8,55.7,51.6,22% 49% 28%,-1.0,MidLateLate+55.8%53.5%46.6%2061134891,pos 4
74,Invoker,Mind of Tornarus,2,Mind of Tornarus,3248,1238,55.7,57.5,56.0,60.0,51.0,54.4,64.3,54.5,13% 48% 39%,-4.9,MidLateLate+54.4%57.6%52.0%125537576,pos 4
41,Faceless Void,Time Zone,2,Time Zone,3115,410,59.0,58.0,15.7,58.5,59.6,55.0,74.7,60.0,10% 42% 48%,-7.5,MidLateLate+59.2%61.6%44.7%38196177,pos 4
45,Pugna,Siphoning Ward,1,Siphoning Ward,3114,653,55.1,53.4,9.9,58.2,51.8,53.6,57.5,70.0,23% 49% 28%,-1.6,MidLateLate+60.1%50.2%51.8%56318279,pos 4
119,Dark Willow,Throwing Shade,1,Throwing Shade,3111,1848,52.4,53.7,12.9,56.4,48.2,52.6,53.2,40.0,22% 50% 28%,-1.3,MidLateLate+51.2%55.2%46.2%210821820,pos 4
27,Shadow Shaman,Chicken Fingers,1,Chicken Fingers,3105,1520,52.4,52.5,30.8,55.1,49.7,51.1,57.8,53.3,19% 45% 36%,-2.9,MidLateLate+56.5%49.2%47.9%144722657,pos 4
5,Crystal Maiden,Glacial Guard,1,Glacial Guard,3099,538,55.4,53.6,12.4,53.5,57.6,54.6,58.3,66.7,20% 47% 33%,-2.7,MidLateLate+53.6%57.2%57.4%47263229,pos 4
74,Invoker,Scholar of Koryx,1,Scholar of Koryx,3097,313,58.1,54.1,56.0,63.4,53.1,58.2,55.6,75.0,13% 48% 39%,-4.8,MidLateLate+53.1%63.3%54.3%35128150,pos 4
85,Undying,Rotting Mitts,1,Rotting Mitts,3084,686,53.9,51.8,12.9,56.4,51.5,56.1,46.1,58.8,29% 47% 24%,1.3,MidLateLate+54.5%54.0%50.8%59336291,pos 4
31,Lich,Growing Cold,1,Growing Cold,3082,885,53.3,57.1,25.5,57.1,49.8,53.1,54.2,56.3,22% 41% 37%,-2.8,MidLateLate+49.6%56.3%57.3%110401375,pos 4
31,Lich,Evil Eye,2,Evil Eye,3080,493,54.4,58.0,25.5,60.8,48.0,56.5,46.6,27.3,22% 43% 35%,-2.5,MidLateLate+52.9%56.3%54.1%61227206,pos 4
62,Bounty Hunter,Cutpurse,2,Cutpurse,3071,432,55.3,66.4,13.5,60.1,50.2,56.2,50.8,50.0,22% 52% 27%,-1.2,MidLateLate+55.8%56.5%47.4%38224170,pos 4
112,Winter Wyvern,Winterproof,1,Winterproof,3068,457,55.1,58.6,11.2,60.4,50.4,53.9,61.4,57.1,18% 50% 32%,-2.5,MidLateLate+55.3%54.1%58.1%62190205,pos 4
14,Pudge,Fresh Meat,1,Fresh Meat,3056,4002,51.5,50.5,90.6,54.2,48.8,51.5,53.3,40.0,17% 46% 37%,-3.4,MidLateLate+53.1%50.7%47.9%39718371771,pos 4
51,Clockwerk,Expanded Armature,2,Expanded Armature,3052,1733,51.7,50.9,15.4,52.8,50.5,51.3,51.8,61.9,15% 49% 36%,-3.8,MidLateLate+53.2%52.6%42.1%195801739,pos 4
102,Abaddon,The Quickening,1,The Quickening,3051,226,56.6,52.9,14.4,61.9,50.9,56.5,57.0,56.3,14% 43% 43%,-5.4,MidLateLate+62.2%49.5%58.8%1711199,pos 4
112,Winter Wyvern,Recursive,2,Recursive,3051,463,54.0,51.2,11.2,59.6,48.0,56.8,42.9,52.0,24% 45% 31%,-1.3,MidLateLate+54.8%51.9%61.0%41217206,pos 4
73,Alchemist,Dividends,3,Dividends,3049,516,53.9,47.4,11.4,54.7,52.9,53.5,58.4,14.3,18% 51% 31%,-2.0,MidLateLate+48.6%59.6%56.3%48245225,pos 4
39,Queen of Pain,Bondage,1,Bondage,3046,517,52.4,55.4,44.7,60.7,45.3,52.1,52.3,71.4,22% 51% 27%,-0.8,MidLateLate+51.8%51.3%62.8%43251224,pos 4
22,Zeus,Livewire,1,Livewire,3042,2055,51.4,50.4,20.9,54.1,48.6,50.9,53.2,56.3,21% 51% 29%,-1.3,MidLateLate+48.4%52.8%57.8%244910904,pos 4
30,Witch Doctor,Cleft Death,1,Cleft Death,3034,690,51.4,50.4,21.5,55.2,47.9,53.3,47.1,0.0,21% 49% 30%,-1.7,MidLateLate+50.3%53.7%46.7%75306311,pos 4
126,Void Spirit,Call of the Void,2,Call of the Void,3034,288,54.2,54.5,18.9,59.6,48.6,54.9,50.0,62.5,11% 43% 45%,-5.9,MidLateLate+49.6%55.9%65.5%29123136,pos 4
87,Disruptor,Thunderstorm,1,Thunderstorm,3030,856,51.2,52.3,22.2,53.4,49.0,49.7,56.6,50.0,14% 43% 43%,-5.1,MidLateLate+51.6%50.6%51.3%78386393,pos 4
103,Elder Titan,Deconstruction,1,Deconstruction,3027,221,53.8,54.3,6.5,52.1,55.8,54.8,45.2,100.0,15% 50% 35%,-3.2,MidLateLate+50.6%56.8%52.0%2585111,pos 4
26,Lion,Essence Eater,1,Essence Eater,3025,2249,51.6,51.2,49.8,55.3,47.8,52.5,48.0,45.7,16% 45% 39%,-4.3,MidLateLate+49.5%53.6%51.5%2379721042,pos 4
110,Phoenix,Hotspot,2,Hotspot,3018,526,51.7,50.8,16.8,52.7,50.6,49.8,59.2,57.1,17% 48% 36%,-3.6,MidLateLate+54.6%49.6%50.0%60216250,pos 4
27,Shadow Shaman,Massive Serpent Ward,2,Massive Serpent Ward,3017,687,50.9,52.9,30.8,52.6,49.1,50.4,54.7,35.3,15% 46% 39%,-4.3,MidLateLate+53.0%50.7%42.2%64336288,pos 4
79,Shadow Demon,Promulgate,1,Promulgate,3016,1329,51.5,54.3,13.8,54.0,48.9,50.9,51.5,60.3,15% 48% 37%,-4.1,MidLateLate+47.9%54.3%55.3%132612587,pos 4
20,Vengeful Spirit,Soul Strike,2,Soul Strike,3008,339,51.3,64.4,10.0,56.6,46.7,46.9,59.6,50.0,15% 45% 40%,-5.2,MidLateLate+44.3%62.6%39.4%33167139,pos 4
155,Largo,Musical pilgrimmage,1,Musical pilgrimmage,3006,1104,50.5,51.7,37.0,55.6,45.4,49.5,54.9,35.3,13% 44% 43%,-5.6,MidLateLate+48.6%52.9%48.2%112508486,pos 4
92,Visage,Death Toll,3,Death Toll,3000,234,51.7,54.4,10.9,55.2,48.3,50.8,56.5,33.3,31% 46% 23%,1.7,MidLateLate+51.9%45.9%75.0%2012985,pos 4
68,Ancient Apparition,Exposure,2,Exposure,2998,432,50.7,50.2,17.3,52.8,48.6,52.2,43.3,60.0,16% 45% 39%,-3.8,MidLateLate+54.4%48.3%48.2%56171205,pos 4
20,Vengeful Spirit,Avenging Missile,1,Avenging Missile,2997,408,51.0,51.3,10.0,54.4,47.1,51.5,53.1,21.4,13% 44% 43%,-5.9,MidLateLate+47.5%56.1%47.4%38198173,pos 4
50,Dazzle,Poison Bloom,2,Poison Bloom,2994,253,51.0,49.1,13.2,55.1,46.8,50.8,54.2,33.3,24% 48% 28%,-0.8,MidLateLate+56.7%45.0%50.0%22120111,pos 4
3,Bane,Sleepwalk,2,Sleepwalk,2993,260,49.6,51.3,7.7,54.7,44.7,49.0,53.6,37.5,23% 47% 30%,-1.9,MidLateLate+51.2%48.2%47.6%21127112,pos 4
40,Venomancer,Plague Carrier,2,Plague Carrier,2993,1212,50.8,52.1,18.9,51.6,50.0,49.9,54.4,45.5,20% 48% 32%,-2.2,MidLateLate+56.1%48.3%40.6%133531549,pos 4
88,Nyx Assassin,Mana Burn,1,Mana Burn,2987,412,50.2,53.9,19.4,51.0,49.5,52.8,43.8,50.0,11% 42% 48%,-6.7,MidLateLate+47.3%52.7%51.3%39188186,pos 4
90,Keeper of the Light,Solar Bind,1,Solar Bind,2985,528,49.8,50.9,8.6,54.3,45.9,49.2,52.5,55.6,16% 47% 37%,-3.9,MidLateLate+51.6%48.1%49.0%49248231,pos 4
121,Grimstroke,Inkstigate,1,Inkstigate,2984,711,50.2,52.0,7.9,53.7,47.1,49.9,50.0,57.1,14% 47% 39%,-4.9,MidLateLate+43.5%56.2%51.2%82308322,pos 4
131,Ringmaster,Carny Classics,1,Carny Classics,2979,1531,50.8,50.4,13.4,55.7,45.6,51.2,49.8,41.7,17% 48% 36%,-3.5,MidLateLate+53.5%48.8%48.1%181682672,pos 4
7,Earthshaker,Tectonic Buildup,1,Tectonic Buildup,2978,1170,51.3,52.3,21.8,55.5,47.1,51.1,53.7,43.5,11% 43% 45%,-6.1,MidLateLate+49.5%53.8%48.5%134507530,pos 4
30,Witch Doctor,Malpractice,2,Malpractice,2976,646,49.7,54.5,21.5,48.8,50.6,50.5,46.5,42.9,20% 51% 30%,-1.5,MidLateLate+50.4%48.8%50.0%74274299,pos 4
40,Venomancer,Patient Zero,1,Patient Zero,2973,302,48.7,49.4,18.9,51.7,45.9,49.8,47.0,38.5,17% 45% 38%,-4.2,MidLateLate+50.0%47.1%51.4%35128140,pos 4
65,Batrider,Arsonist,2,Arsonist,2972,282,47.9,49.0,14.1,50.3,45.1,48.8,47.1,28.6,11% 49% 40%,-5.0,MidLateLate+48.6%50.0%33.3%24140118,pos 4
68,Ancient Apparition,Bone Chill,1,Bone Chill,2971,545,49.5,52.6,17.3,54.3,45.0,50.4,46.3,54.5,21% 46% 33%,-2.5,MidLateLate+54.6%44.6%51.9%79216251,pos 4
123,Hoodwink,Hipshot,2,Hipshot,2959,345,49.0,48.0,12.7,50.3,47.8,49.3,46.7,55.6,27% 45% 28%,-0.6,MidLateLate+51.7%46.5%48.7%39151155,pos 4
9,Mirana,Starstruck,1,Starstruck,2954,1423,50.4,53.2,9.9,54.1,47.0,49.3,56.9,51.5,20% 48% 32%,-2.1,MidLateLate+46.7%51.9%58.7%155625643,pos 4
14,Pudge,Rotten Core,2,Rotten Core,2954,1880,50.4,50.4,90.6,52.7,48.1,50.3,51.5,55.6,19% 47% 34%,-2.7,MidLateLate+54.9%45.4%52.7%186851845,pos 4
107,Earth Spirit,Reformation,1,Reformation,2949,1745,50.0,58.2,11.3,54.2,45.8,49.8,50.2,59.3,13% 43% 44%,-5.6,MidLateLate+47.9%52.4%49.2%185791771,pos 4
75,Silencer,Suffer In Silence,2,Suffer In Silence,2939,904,49.9,37.8,22.1,51.2,48.6,48.0,53.0,50.0,17% 49% 34%,-2.8,MidLateLate+45.4%52.3%59.0%100414390,pos 4
26,Lion,Fist of Death,2,Fist of Death,2937,1367,49.9,50.7,49.8,53.1,46.8,50.0,49.2,52.5,14% 46% 40%,-4.5,MidLateLate+46.1%52.0%56.6%159601608,pos 4
97,Magnus,Diminishing Return,2,Diminishing Return,2936,1257,49.6,50.5,29.0,52.1,47.1,49.0,52.2,50.0,12% 44% 43%,-5.6,MidLateLate+51.2%47.6%52.0%125561571,pos 4
119,Dark Willow,Shattering Crown,2,Shattering Crown,2935,338,46.7,49.0,12.9,50.9,42.7,45.1,55.0,40.0,22% 46% 33%,-1.4,MidLateLate+48.2%47.2%38.1%42170127,pos 4
101,Skywrath Mage,Staff of the Scion,2,Staff of the Scion,2933,553,48.1,43.6,33.9,54.1,41.9,49.7,39.8,62.5,25% 46% 29%,-0.6,MidLateLate+51.2%44.5%50.9%57242254,pos 4
21,Windranger,Tangled,1,Tangled,2930,208,42.8,45.3,49.6,42.6,43.0,43.3,41.9,28.6,17% 47% 36%,-3.3,MidLateLate+38.1%48.2%44.4%1810585,pos 4
93,Slark,Fugitive,1,Fugitive,2928,392,45.9,45.0,45.8,50.3,41.5,45.6,45.5,62.5,13% 47% 40%,-5.5,MidLateLate+37.9%55.3%52.0%25206161,pos 4
65,Batrider,Stoked,1,Stoked,2926,237,43.0,44.8,14.1,51.8,35.4,43.2,42.3,50.0,13% 49% 38%,-4.2,MidLateLate+40.9%45.8%40.0%20110107,pos 4
136,Marci,Pick-me-up,2,Pick-me-up,2924,787,48.2,49.5,15.2,51.0,45.1,49.9,41.7,52.9,16% 46% 38%,-4.3,MidLateLate+49.1%44.9%59.1%66377345,pos 4
7,Earthshaker,Resonating Ridge,2,Resonating Ridge,2923,651,47.2,49.7,21.8,52.5,42.0,45.5,56.1,27.3,9% 45% 46%,-6.6,MidLateLate+40.8%48.8%61.4%83265303,pos 4
25,Lina,Slow Burn,2,Slow Burn,2909,464,46.3,47.6,17.9,47.0,45.8,46.6,40.3,72.7,30% 41% 29%,0.2,MidLateLate+48.3%44.6%45.5%44207213,pos 4
37,Warlock,Black Grimoire,2,Black Grimoire,2907,542,48.3,47.5,24.0,55.1,41.5,46.1,56.8,63.6,22% 47% 31%,-1.6,MidLateLate+50.4%45.9%48.4%62258222,pos 4
22,Zeus,Divine Rampage,2,Divine Rampage,2905,575,47.5,47.3,20.9,49.2,45.7,46.4,49.2,57.9,20% 45% 35%,-2.5,MidLateLate+44.2%48.4%55.3%76249252,pos 4
64,Jakiro,Ice Breaker,2,Ice Breaker,2902,472,45.3,46.9,44.5,46.9,43.7,44.0,50.0,50.0,19% 47% 34%,-2.6,MidLateLate+47.5%42.9%46.8%47200226,pos 4
74,Invoker,Agent of Gallaron,3,Agent of Gallaron,2897,754,47.9,49.1,56.0,51.9,44.1,48.4,46.2,33.3,12% 44% 44%,-5.7,MidLateLate+40.2%54.4%51.6%91333331,pos 4
63,Weaver,Skitterstep,1,Skitterstep,2889,397,44.3,45.3,35.9,43.7,44.9,43.2,46.1,63.6,22% 43% 35%,-1.9,MidLateLate+45.3%42.7%48.4%31181185,pos 4
84,Ogre Magi,Learning Curve,2,Learning Curve,2889,978,48.3,48.6,18.2,51.1,45.7,48.1,50.0,36.4,24% 47% 29%,-1.1,MidLateLate+51.4%44.9%47.4%116451414,pos 4
110,Phoenix,Dying Light,1,Dying Light,2885,1120,48.3,50.7,16.8,51.0,45.7,49.0,45.9,48.3,24% 48% 28%,-0.7,MidLateLate+48.4%48.3%48.3%118498507,pos 4
138,Muerta,Dance of the Dead,1,Dance of the Dead,2879,520,46.2,49.2,12.6,46.8,45.6,46.0,47.4,42.9,15% 48% 37%,-3.7,MidLateLate+43.6%46.3%58.3%48243229,pos 4
53,Nature's Prophet,Soothing Saplings,1,Soothing Saplings,2858,510,44.3,44.0,18.1,44.9,43.7,42.5,50.6,66.7,17% 46% 37%,-4.0,MidLateLate+44.7%43.4%46.0%63235212,pos 4
114,Monkey King,Simian Stride,1,Simian Stride,2857,238,36.1,39.6,11.4,42.2,29.1,37.9,29.4,16.7,12% 47% 41%,-5.7,MidLateLate+33.3%35.6%54.2%24114101,pos 4
53,Nature's Prophet,Nature's Profit,2,Nature's Profit,2850,502,43.2,44.6,18.1,48.1,39.1,42.9,41.0,77.8,17% 48% 35%,-3.2,MidLateLate+43.0%42.4%47.5%59214229,pos 4
105,Techies,Spleen's Secret Sauce,2,Spleen's Secret Sauce,2837,1858,48.7,49.0,14.5,49.8,47.4,47.9,50.7,69.6,18% 47% 35%,-3.0,MidLateLate+48.7%49.3%46.5%286774801,pos 4
100,Tusk,Tag Team,1,Tag Team,2828,2708,49.3,51.7,25.1,52.5,46.0,49.1,50.8,43.1,17% 47% 36%,-3.6,MidLateLate+51.4%48.0%43.9%24613201143,pos 4
123,Hoodwink,Go Nuts,1,Go Nuts,2827,2290,49.0,49.2,12.7,52.9,44.6,48.6,49.5,63.3,23% 49% 28%,-1.0,MidLateLate+52.8%45.9%47.1%2749681049,pos 4
128,Snapfire,Full Bore,2,Full Bore,2819,2176,49.1,49.7,14.1,53.4,44.7,50.0,46.4,50.0,20% 44% 36%,-3.0,MidLateLate+52.1%47.0%45.1%224971984,pos 4
19,Tiny,Crash Landing,1,Crash Landing,2816,3793,49.6,50.0,32.1,52.8,46.4,50.0,48.9,43.8,15% 46% 39%,-4.3,MidLateLate+51.5%47.8%49.2%36617801648,pos 4
35,Sniper,Scattershot,2,Scattershot,2800,811,44.6,45.4,24.7,49.7,39.7,43.8,47.7,50.0,30% 48% 22%,1.4,MidLateLate+47.7%43.5%37.6%93346372,pos 4
101,Skywrath Mage,Shield of the Scion,1,Shield of the Scion,2719,3554,49.1,44.7,33.9,54.4,44.3,49.4,47.6,52.7,28% 48% 24%,0.7,MidLateLate+50.1%47.9%49.5%40015961562,pos 4
64,Jakiro,Twin Terror,1,Twin Terror,2708,1658,46.5,46.7,44.5,50.4,42.9,46.3,45.6,59.1,29% 45% 26%,0.8,MidLateLate+47.3%45.0%49.0%200744714,pos 4
86,Rubick,Arcane Accumulation,2,Arcane Accumulation,2643,2779,47.7,48.0,51.4,50.3,45.0,47.2,48.9,52.8,16% 45% 39%,-3.9,MidLateLate+47.6%48.2%46.1%30811941279,pos 4
63,Weaver,Hivemind,2,Hivemind,2606,2754,47.3,47.1,35.9,49.9,44.9,47.1,48.3,50.0,19% 46% 35%,-2.9,MidLateLate+47.7%45.8%52.2%29112441219,pos 4
86,Rubick,Frugal Filch,1,Frugal Filch,2519,3395,47.3,47.1,51.4,50.4,44.1,46.6,48.4,62.7,17% 46% 38%,-3.8,MidLateLate+47.5%46.1%51.0%35515691473,pos 4
21,Windranger,Killshot,2,Killshot,2475,2806,46.4,46.8,49.6,48.9,44.0,46.0,48.8,43.1,22% 50% 28%,-1.2,MidLateLate+46.7%46.9%43.2%29612271285,pos 4
83,Treant Protector,Uprooted,1,Uprooted,3946,4998,56.1,55.6,23.3,59.9,52.1,56.1,56.4,53.3,43% 44% 13%,5.6,MidLateLate+60.9%51.7%51.3%53024002072,pos 5
27,Shadow Shaman,Chicken Fingers,1,Chicken Fingers,3189,2819,52.4,54.3,30.8,55.1,49.6,52.0,54.7,50.0,37% 44% 20%,3.1,MidLateLate+52.9%52.5%49.3%27813171229,pos 5
50,Dazzle,Nothl Boon,1,Nothl Boon,3157,1001,55.2,55.1,13.2,57.1,53.3,54.5,60.4,33.3,41% 46% 12%,5.2,MidLateLate+59.7%49.9%55.6%90491421,pos 5
112,Winter Wyvern,Recursive,2,Recursive,3151,846,55.0,55.2,11.2,59.8,50.1,55.8,55.1,27.3,35% 49% 17%,3.2,MidLateLate+55.9%54.2%54.2%96356395,pos 5
112,Winter Wyvern,Winterproof,1,Winterproof,3149,752,56.0,55.2,11.2,59.0,52.3,55.4,60.0,60.0,40% 45% 14%,4.4,MidLateLate+58.8%53.2%55.0%80347325,pos 5
31,Lich,Growing Cold,1,Growing Cold,3138,2949,52.6,56.2,25.5,55.3,49.8,52.1,55.6,55.6,36% 46% 18%,3.4,MidLateLate+52.3%52.8%53.0%33412221394,pos 5
31,Lich,Evil Eye,2,Evil Eye,3131,1307,53.7,56.5,25.5,57.0,50.2,54.1,53.2,35.7,41% 42% 17%,4.6,MidLateLate+51.6%57.1%48.1%133580594,pos 5
110,Phoenix,Dying Light,1,Dying Light,3125,834,55.4,54.5,16.8,58.4,52.4,54.3,61.3,58.3,40% 45% 14%,4.8,MidLateLate+57.5%55.2%49.5%95360382,pos 5
66,Chen,Hellbear Convert,2,Hellbear Convert,3112,690,54.9,51.2,6.7,61.1,48.2,56.1,39.6,66.7,45% 44% 10%,6.1,MidLateLate+58.6%50.2%54.7%53365273,pos 5
27,Shadow Shaman,Massive Serpent Ward,2,Massive Serpent Ward,3110,1257,53.5,54.7,30.8,54.4,52.5,52.6,57.3,61.1,31% 48% 21%,2.0,MidLateLate+55.4%50.4%57.2%138581538,pos 5
50,Dazzle,Poison Bloom,2,Poison Bloom,3107,900,54.0,55.2,13.2,55.6,52.5,54.7,51.4,40.0,44% 45% 11%,6.2,MidLateLate+57.0%50.7%52.6%76449375,pos 5
74,Invoker,Mind of Tornarus,2,Mind of Tornarus,3097,307,58.3,61.9,56.0,61.6,55.1,58.6,56.0,66.7,22% 52% 26%,-0.9,MidLateLate+52.0%64.5%55.8%43123141,pos 5
3,Bane,Sleepwalk,2,Sleepwalk,3092,595,54.8,53.6,7.7,55.2,54.5,55.1,53.6,55.6,34% 48% 18%,3.2,MidLateLate+52.7%57.5%53.1%64273259,pos 5
111,Oracle,Clairvoyant Cure,2,Clairvoyant Cure,3084,1097,53.0,51.1,12.7,56.9,49.0,52.7,51.7,66.7,27% 50% 23%,0.5,MidLateLate+51.6%55.3%50.0%104529465,pos 5
119,Dark Willow,Shattering Crown,2,Shattering Crown,3080,272,58.5,59.1,12.9,61.0,55.7,58.4,60.5,50.0,39% 45% 16%,4.0,MidLateLate+61.7%54.5%61.9%42107123,pos 5
40,Venomancer,Plague Carrier,2,Plague Carrier,3078,1471,52.8,52.8,18.9,56.3,49.3,53.2,49.8,65.2,36% 50% 14%,3.9,MidLateLate+57.9%49.0%49.4%162629682,pos 5
57,Omniknight,Healing Hammer,2,Healing Hammer,3073,602,54.3,53.8,17.2,59.4,49.7,55.8,48.2,40.0,36% 45% 19%,2.9,MidLateLate+56.5%50.2%60.0%65294243,pos 5
51,Clockwerk,Expanded Armature,2,Expanded Armature,3057,2108,51.3,52.8,15.4,56.8,45.7,50.4,54.0,56.9,34% 45% 20%,2.6,MidLateLate+54.2%49.5%47.4%249921940,pos 5
97,Magnus,Diminishing Return,2,Diminishing Return,3054,727,52.7,51.8,29.0,55.6,49.6,51.9,59.7,21.4,25% 52% 23%,0.4,MidLateLate+54.0%52.3%47.8%69348310,pos 5
9,Mirana,Starstruck,1,Starstruck,3052,504,52.8,52.6,9.9,58.6,47.6,53.2,50.8,44.4,35% 49% 16%,3.5,MidLateLate+47.1%59.5%49.1%57227220,pos 5
85,Undying,Ripped,2,Ripped,3030,343,53.4,49.0,12.9,61.5,46.2,54.5,48.5,54.5,47% 43% 9%,6.8,MidLateLate+52.7%52.8%59.4%32167144,pos 5
85,Undying,Rotting Mitts,1,Rotting Mitts,3025,1538,51.3,49.6,12.9,54.5,47.8,52.5,46.5,48.1,45% 45% 10%,6.1,MidLateLate+53.0%51.0%45.3%150742651,pos 5
26,Lion,Essence Eater,1,Essence Eater,3020,4098,50.8,50.8,49.8,53.7,47.8,51.2,49.0,49.2,30% 50% 20%,1.7,MidLateLate+46.3%53.9%54.4%42117161963,pos 5
103,Elder Titan,Deconstruction,1,Deconstruction,3020,282,53.5,53.8,6.5,58.4,49.0,54.2,48.6,60.0,31% 48% 21%,2.0,MidLateLate+51.8%53.7%59.4%32114136,pos 5
88,Nyx Assassin,Scuttle,2,Scuttle,3019,462,51.5,53.0,19.4,54.2,48.9,48.4,55.3,73.1,26% 47% 27%,-0.1,MidLateLate+47.1%54.8%57.1%42210210,pos 5
71,Spirit Breaker,Bull Rush,1,Bull Rush,3018,728,51.5,53.6,30.7,55.7,47.6,51.1,53.6,50.0,30% 47% 23%,1.3,MidLateLate+51.6%50.3%56.7%67351310,pos 5
119,Dark Willow,Throwing Shade,1,Throwing Shade,3017,956,51.4,51.6,12.9,55.3,47.8,50.7,56.1,40.0,38% 48% 15%,4.1,MidLateLate+48.0%53.9%51.6%126373458,pos 5
62,Bounty Hunter,Through and Through,1,Through and Through,3013,349,51.9,59.5,13.5,55.0,48.5,50.8,53.5,71.4,33% 49% 17%,3.2,MidLateLate+53.9%50.7%47.1%34167148,pos 5
22,Zeus,Livewire,1,Livewire,3011,956,51.3,56.8,20.9,52.9,49.7,51.7,50.0,43.8,40% 44% 16%,4.5,MidLateLate+49.0%52.6%53.5%114408435,pos 5
111,Oracle,Clairvoyant Curse,1,Clairvoyant Curse,3010,241,52.7,52.6,12.7,55.6,50.4,50.6,57.6,100.0,32% 47% 22%,1.4,MidLateLate+50.5%62.4%27.6%29111101,pos 5
25,Lina,Slow Burn,2,Slow Burn,3001,190,51.1,50.6,17.9,51.4,50.6,50.6,53.6,50.0,42% 49% 9%,6.3,MidLateLate+48.8%51.8%56.0%258085,pos 5
40,Venomancer,Patient Zero,1,Patient Zero,3000,381,49.9,49.6,18.9,56.3,43.4,49.8,52.4,28.6,34% 50% 16%,2.9,MidLateLate+50.3%52.3%41.2%51177153,pos 5
20,Vengeful Spirit,Avenging Missile,1,Avenging Missile,2999,465,51.2,51.0,10.0,56.6,46.0,50.1,53.8,62.5,29% 48% 23%,1.0,MidLateLate+47.5%55.5%53.2%47236182,pos 5
73,Alchemist,Dividends,3,Dividends,2992,575,50.6,48.5,11.4,55.4,45.8,50.9,50.0,28.6,33% 51% 17%,2.7,MidLateLate+39.1%62.6%53.8%39279257,pos 5
87,Disruptor,Transference,3,Transference,2990,654,50.3,52.0,22.2,55.1,45.6,48.0,59.0,66.7,28% 44% 28%,-0.5,MidLateLate+54.0%46.5%48.5%68311275,pos 5
57,Omniknight,Omnipresent,1,Omnipresent,2989,446,50.4,54.0,17.2,53.4,47.6,48.7,57.3,54.5,35% 48% 16%,3.6,MidLateLate+53.4%50.5%31.4%35204208,pos 5
110,Phoenix,Hotspot,2,Hotspot,2989,416,49.8,50.4,16.8,49.5,50.0,50.4,47.4,25.0,30% 49% 22%,1.1,MidLateLate+45.3%58.2%33.3%42190184,pos 5
5,Crystal Maiden,Glacial Guard,1,Glacial Guard,2984,2661,50.8,52.8,12.4,54.0,47.9,50.8,49.4,58.5,34% 47% 19%,2.8,MidLateLate+49.2%52.1%52.9%27812251160,pos 5
5,Crystal Maiden,Arcane Overflow,2,Arcane Overflow,2984,465,50.1,52.5,12.4,49.6,50.7,49.5,54.7,40.0,32% 45% 23%,1.3,MidLateLate+46.0%54.5%48.5%33224209,pos 5
34,Tinker,Repair Bots,1,Repair Bots,2983,189,49.2,54.9,42.7,53.8,44.8,47.8,53.3,100.0,42% 47% 11%,5.2,MidLateLate+45.3%48.2%76.9%139583,pos 5
22,Zeus,Divine Rampage,2,Divine Rampage,2981,245,49.8,54.9,20.9,50.8,48.7,50.6,47.1,66.7,36% 42% 22%,2.0,MidLateLate+44.8%55.0%48.3%29105111,pos 5
63,Weaver,Hivemind,2,Hivemind,2980,913,50.3,47.8,35.9,54.7,45.9,50.3,48.6,72.7,34% 47% 19%,2.7,MidLateLate+49.0%49.9%56.7%104416393,pos 5
102,Abaddon,The Quickening,1,The Quickening,2977,708,50.1,51.1,14.4,54.3,46.3,48.9,53.5,50.0,28% 49% 23%,0.8,MidLateLate+48.6%53.3%44.6%65358285,pos 5
84,Ogre Magi,Fat Chance,1,Fat Chance,2973,316,48.4,46.2,18.2,53.5,43.5,47.9,52.1,28.6,28% 49% 22%,0.9,MidLateLate+49.0%46.7%53.3%30149137,pos 5
45,Pugna,Siphoning Ward,1,Siphoning Ward,2972,722,50.0,52.0,9.9,49.7,50.3,50.7,48.1,45.0,37% 43% 20%,2.9,MidLateLate+52.1%47.4%52.7%74328321,pos 5
91,Io,Kritzkrieg,1,Kritzkrieg,2971,748,50.1,53.1,9.8,52.8,47.4,51.2,44.1,60.0,40% 42% 18%,4.5,MidLateLate+50.4%49.0%55.0%60397292,pos 5
19,Tiny,Crash Landing,1,Crash Landing,2965,574,49.5,47.8,32.1,51.6,47.4,48.0,56.2,36.8,28% 50% 22%,0.9,MidLateLate+51.1%47.7%50.0%54264256,pos 5
107,Earth Spirit,Reformation,1,Reformation,2964,343,47.8,48.5,11.3,48.7,46.8,48.6,45.8,20.0,20% 52% 28%,-1.0,MidLateLate+46.2%51.4%40.5%37158148,pos 5
123,Hoodwink,Go Nuts,1,Go Nuts,2963,851,50.3,52.0,12.7,50.4,50.2,50.2,49.6,57.1,38% 46% 16%,4.4,MidLateLate+47.9%50.5%60.0%80378394,pos 5
20,Vengeful Spirit,Soul Strike,2,Soul Strike,2959,298,47.0,46.6,10.0,49.0,45.0,46.5,41.3,77.8,26% 49% 25%,-0.2,MidLateLate+40.3%51.4%55.2%29129142,pos 5
14,Pudge,Rotten Core,2,Rotten Core,2949,1419,49.8,48.1,90.6,51.4,48.2,49.9,51.4,33.3,36% 45% 19%,3.3,MidLateLate+51.4%48.4%48.9%135650634,pos 5
101,Skywrath Mage,Staff of the Scion,2,Staff of the Scion,2946,243,44.4,39.6,33.9,44.4,44.4,44.2,46.3,33.3,39% 47% 14%,5.2,MidLateLate+47.2%39.3%53.6%28108107,pos 5
86,Rubick,Arcane Accumulation,2,Arcane Accumulation,2945,849,49.0,48.3,51.4,52.3,45.9,49.2,48.7,45.0,31% 48% 21%,1.8,MidLateLate+51.1%48.7%42.9%105368376,pos 5
93,Slark,Fugitive,1,Fugitive,2943,221,43.9,41.8,45.8,49.5,38.4,50.3,28.8,41.2,31% 36% 33%,-0.9,MidLateLate+36.4%45.8%77.8%1810796,pos 5
35,Sniper,Scattershot,2,Scattershot,2937,325,45.2,53.6,24.7,50.7,41.2,45.5,46.2,28.6,46% 38% 15%,5.1,MidLateLate+41.3%49.3%45.2%42143140,pos 5
87,Disruptor,Thunderstorm,1,Thunderstorm,2936,3771,50.5,50.9,22.2,54.4,46.6,49.7,54.0,57.4,28% 47% 25%,0.7,MidLateLate+51.5%49.9%48.6%40317571618,pos 5
68,Ancient Apparition,Bone Chill,1,Bone Chill,2930,1400,49.9,51.0,17.3,52.8,46.9,48.7,54.7,57.9,30% 48% 22%,1.2,MidLateLate+50.4%49.3%50.8%187528685,pos 5
58,Enchantress,Overprotective Wisps,1,Overprotective Wisps,2928,292,45.2,42.1,6.8,51.0,39.2,44.5,47.2,100.0,38% 47% 14%,4.0,MidLateLate+41.9%47.3%53.1%32148112,pos 5
74,Invoker,Agent of Gallaron,3,Agent of Gallaron,2923,230,43.0,47.8,56.0,41.5,44.9,44.8,35.3,0.0,21% 50% 29%,-1.8,MidLateLate+42.3%43.8%43.3%3010496,pos 5
75,Silencer,Synaptic Split,1,Synaptic Split,2919,264,43.6,42.6,22.1,48.7,36.6,43.6,38.4,72.7,36% 42% 22%,2.8,MidLateLate+38.6%50.5%39.1%23132109,pos 5
53,Nature's Prophet,Nature's Profit,2,Nature's Profit,2906,215,40.0,39.1,18.1,40.6,39.4,39.3,44.2,25.0,26% 48% 27%,-0.3,MidLateLate+41.7%39.8%33.3%2410388,pos 5
30,Witch Doctor,Malpractice,2,Malpractice,2903,1655,49.1,50.8,21.5,51.4,46.9,49.4,47.4,43.5,40% 45% 15%,4.6,MidLateLate+49.1%49.2%48.7%187748721,pos 5
53,Nature's Prophet,Soothing Saplings,1,Soothing Saplings,2902,288,42.4,47.2,18.1,46.8,37.1,43.3,40.0,20.0,27% 55% 18%,1.3,MidLateLate+48.4%39.7%32.4%34124131,pos 5
68,Ancient Apparition,Exposure,2,Exposure,2893,1133,48.7,49.4,17.3,52.0,45.8,47.7,50.5,60.0,23% 50% 26%,-0.4,MidLateLate+45.7%48.9%55.0%180422532,pos 5
84,Ogre Magi,Learning Curve,2,Learning Curve,2893,2431,49.9,51.7,18.2,53.4,46.5,49.5,52.0,48.4,33% 48% 19%,2.6,MidLateLate+51.6%50.2%41.7%25411311048,pos 5
100,Tusk,Tag Team,1,Tag Team,2878,2898,49.6,49.6,25.1,52.2,47.0,49.4,49.5,56.7,34% 46% 20%,2.5,MidLateLate+51.3%49.2%43.0%29313701239,pos 5
101,Skywrath Mage,Shield of the Scion,1,Shield of the Scion,2876,1305,48.4,45.0,33.9,50.6,46.2,48.0,50.9,45.0,47% 42% 12%,6.1,MidLateLate+49.0%46.5%54.8%124575607,pos 5
136,Marci,Pick-me-up,2,Pick-me-up,2871,790,46.3,51.6,15.2,49.9,42.6,45.5,50.6,35.3,29% 49% 22%,1.4,MidLateLate+41.1%50.7%52.2%69365357,pos 5
121,Grimstroke,Inkstigate,1,Inkstigate,2862,692,45.4,48.7,7.9,49.1,42.2,46.0,43.0,47.6,27% 48% 24%,0.1,MidLateLate+42.3%48.8%45.6%90310293,pos 5
86,Rubick,Frugal Filch,1,Frugal Filch,2861,1148,47.8,45.8,51.4,48.5,47.2,48.1,47.3,43.8,31% 49% 20%,2.2,MidLateLate+51.4%44.8%47.5%120484545,pos 5
131,Ringmaster,Carny Classics,1,Carny Classics,2817,1944,48.7,48.7,13.4,53.6,43.6,49.4,45.6,33.3,31% 49% 20%,1.9,MidLateLate+48.9%48.8%47.8%207855888,pos 5
30,Witch Doctor,Cleft Death,1,Cleft Death,2806,1618,47.8,48.1,21.5,49.7,45.9,47.8,46.2,72.7,37% 48% 15%,4.3,MidLateLate+47.5%49.0%43.4%189699733,pos 5
128,Snapfire,Full Bore,2,Full Bore,2805,1450,47.5,49.9,14.1,49.9,45.2,47.5,46.5,55.9,30% 50% 20%,1.8,MidLateLate+48.5%45.5%52.6%135662653,pos 5
79,Shadow Demon,Promulgate,1,Promulgate,2791,1683,48.4,49.5,13.8,51.8,45.0,47.8,50.4,48.2,25% 50% 25%,0.1,MidLateLate+45.4%50.4%52.0%200727758,pos 5
155,Largo,Musical pilgrimmage,1,Musical pilgrimmage,2787,1250,46.6,48.3,37.0,49.9,43.2,46.1,47.4,62.5,23% 49% 28%,-0.9,MidLateLate+44.3%47.8%51.9%129591531,pos 5
37,Warlock,Champion of Gorroth,1,Champion of Gorroth,2784,948,45.3,46.2,24.0,46.1,44.5,44.2,51.5,45.5,39% 43% 18%,3.9,MidLateLate+43.5%46.2%48.6%105439405,pos 5
14,Pudge,Fresh Meat,1,Fresh Meat,2766,2723,48.9,48.7,90.6,51.7,45.8,49.0,45.9,50.0,34% 46% 20%,2.5,MidLateLate+53.0%45.7%44.4%27712221227,pos 5
26,Lion,Fist of Death,2,Fist of Death,2763,1859,47.8,49.0,49.8,49.9,45.8,47.6,47.7,59.0,28% 51% 22%,1.1,MidLateLate+43.8%50.1%55.1%196835828,pos 5
21,Windranger,Killshot,2,Killshot,2742,752,42.2,45.7,49.6,46.7,37.6,41.8,45.3,29.4,35% 49% 16%,3.3,MidLateLate+40.1%43.5%45.8%83357313,pos 5
64,Jakiro,Ice Breaker,2,Ice Breaker,2724,1488,46.4,46.9,44.5,50.1,42.9,45.8,48.2,66.7,36% 47% 18%,3.5,MidLateLate+46.4%45.1%51.0%151689650,pos 5
105,Techies,Spleen's Secret Sauce,2,Spleen's Secret Sauce,2703,1005,43.7,46.0,14.5,48.1,39.1,44.0,41.8,50.0,34% 46% 20%,2.5,MidLateLate+45.9%41.6%44.3%158390457,pos 5
75,Silencer,Suffer In Silence,2,Suffer In Silence,2673,1699,45.9,46.1,22.1,47.9,43.9,45.8,47.5,37.9,33% 48% 19%,2.7,MidLateLate+43.9%48.0%46.0%163797740,pos 5
64,Jakiro,Twin Terror,1,Twin Terror,2416,5535,48.3,47.9,44.5,51.4,45.1,48.0,49.5,55.9,44% 43% 13%,5.8,MidLateLate+48.6%47.5%50.2%53826552346,pos 5
37,Warlock,Black Grimoire,2,Black Grimoire,2396,4598,47.7,46.5,24.0,51.6,44.0,48.1,44.8,51.4,38% 47% 15%,4.3,MidLateLate+50.4%44.4%48.9%44422071953,pos 5
