background,color,deprecated,description,gradient_id,icon,name,name2,key,id,localized_name,num_matches,pickRate,winRate,facet_number
"linear-gradient(to right, rgb(156, 112, 164), rgb(40, 39, 82))",Purple,0,Spells countered by Counterspell or Counterspell Ally will immediately burn a percentage of its mana cost from the enemy and deal damage based on the burned mana cost.,1,ricochet,Magebane's Mirror,antimage_magebanes_mirror,1,1,Anti-Mage,,,,1
"linear-gradient(to right, rgb(148, 181, 186), rgb(56, 91, 89))",Blue,0,Anti-Mage gains damage when his enemies are at low mana.,3,mana,Mana Thirst,antimage_mana_thirst,1,1,Anti-Mage,,,,2
"linear-gradient(to right, rgb(162, 178, 62), rgb(45, 90, 24))",Green,0,Morphling's Primary Attribute is now Agility . Waveform attacks enemies in his path.,0,agility,Ebb,morphling_agi,10,10,Morphling,,,,1
"linear-gradient(to right, rgb(159, 60, 60), rgb(74, 32, 64))",Red,0,Morphling's Primary Attribute is now Strength . Adaptive Strike stuns based on Morphling's strength. Morphling gains 1% Spell Amp per 4 Agility.,0,strength,Flow,morphling_str,10,10,Morphling,,,,2
"linear-gradient(to right, rgb(148, 181, 186), rgb(56, 91, 89))",Blue,0,Tusk can cast Tag Team causing nearby enemies to receive bonus damage from attacks.,3,damage,Tag Team,tusk_facet_tag_team,100,100,Tusk,,,,1
"linear-gradient(to right, rgb(202, 193, 148), rgb(67, 56, 40))",Yellow,0,"Tusk can cast Drinking Buddies , pulling him and a teammate closer and granting both bonus Movement Speed and Attack Damage.",0,movement,Drinking Buddies,tusk_facet_fist_bump,100,100,Tusk,,,,2
"linear-gradient(to right, rgb(148, 181, 186), rgb(56, 91, 89))",Blue,0,Skywrath Mage gains a magic damage barrier when dealing damage to heroes.,0,armor,Shield of the Scion,skywrath_mage_shield,101,101,Skywrath Mage,,,,1
"linear-gradient(to right, rgb(202, 193, 148), rgb(67, 56, 40))",Yellow,0,Skywrath Mage's Cooldowns are reduced when he deals spell damage to enemy heroes.,2,cooldown,Staff of the Scion,skywrath_mage_staff,101,101,Skywrath Mage,,,,2
"linear-gradient(to right, rgb(173, 182, 190), rgb(78, 85, 87))",Gray,0,Units dying nearby Abaddon lower his cooldowns.,0,cooldown,The Quickening,abaddon_death_dude,102,102,Abaddon,,,,1
"linear-gradient(to right, rgb(148, 181, 186), rgb(56, 91, 89))",Blue,0,Aphotic Shield absorbs more damage and reflects damage when received instead of exploding at the end.,1,barrier,Mephitic Shroud,abaddon_mephitic_shroud,102,102,Abaddon,,,,2
"linear-gradient(to right, rgb(148, 181, 186), rgb(56, 91, 89))",Blue,0,Natural Order drains Magic Resistance and Armor over time.,2,armor_broken,Deconstruction,elder_titan_deconstruction,103,103,Elder Titan,,,,1
"linear-gradient(to right, rgb(202, 193, 148), rgb(67, 56, 40))",Yellow,0,Elder Titan's Base Attack Speed is reduced but his Movement Speed also grants Attack Speed.,0,damage,Momentum,elder_titan_boost_atkspd,103,103,Elder Titan,,,,2
"linear-gradient(to right, rgb(202, 193, 148), rgb(67, 56, 40))",Yellow,0,Overwhelming Odds grants an all damage barrier based on the damage it deals to enemy heroes.,1,armor,Stonehall Plate,legion_commander_stonehall_plate,104,104,Legion Commander,,,,1
"linear-gradient(to right, rgb(159, 60, 60), rgb(74, 32, 64))",Red,0,"When a Duel is won, units that damaged the loser during the Duel will gain permanent bonus damage. If Legion Commander won the Duel, she will automatically cast Press the Attack on herself and assisting allies.",0,damage,Spoils of War,legion_commander_spoils_of_war,104,104,Legion Commander,,,,2
"linear-gradient(to right, rgb(173, 182, 190), rgb(78, 85, 87))",Gray,0,Techies gains 1 attack range and attack projectile speed for each point of attack speed.,0,range,Squee's Scope,techies_atk_range,105,105,Techies,,,,1
"linear-gradient(to right, rgb(159, 60, 60), rgb(74, 32, 64))",Red,0,Increased Blast Off! damage and self damage.,0,nuke,Spleen's Secret Sauce,techies_spleens_secret_sauce,105,105,Techies,,,,2
"linear-gradient(to right, rgb(148, 181, 186), rgb(56, 91, 89))",Blue,0,Techies stack all previously selected Enchantments onto newly crafted Neutral Items.,1,item,Spoon's Stash,techies_backpack,105,105,Techies,,,,3
"linear-gradient(to right, rgb(159, 60, 60), rgb(74, 32, 64))",Red,0,Sleight of Fist hits one of its targets an extra time.,0,fist,Double Impact,ember_spirit_double_impact,106,106,Ember Spirit,,,,1
"linear-gradient(to right, rgb(202, 193, 148), rgb(67, 56, 40))",Yellow,0,"Searing Chains can affect an additional enemy. When Searing Chains are cast, they are also cast around each Fire Remnant.",1,debuff,Chain Gang,ember_spirit_chain_gang,106,106,Ember Spirit,,,,2
"linear-gradient(to right, rgb(162, 178, 62), rgb(45, 90, 24))",Green,0,Gain bonus Attack Damage when Magnetizing Stone Remnants.,0,damage,Resonance,earth_spirit_resonance,107,107,Earth Spirit,,,,1
"linear-gradient(to right, rgb(173, 182, 190), rgb(78, 85, 87))",Gray,0,Stone Remnant has a {s:bonus_AbilityCooldown}s cooldown instead of Charges and Remnants don't get destroyed by Rolling Boulder.,2,cooldown,Stepping Stone,earth_spirit_stepping_stone,107,107,Earth Spirit,,,,2
"linear-gradient(to right, rgb(202, 193, 148), rgb(67, 56, 40))",Yellow,0,Rolling Boulder can roll over allied heroes for additional bonuses.,1,spinning,Ready to Roll,earth_spirit_ready_to_roll,107,107,Earth Spirit,,,,3
"linear-gradient(to right, rgb(162, 178, 62), rgb(45, 90, 24))",Green,0,Underlord's attacks cleave while he has bonus damage from Atrophy Aura.,0,area_of_effect,Demon's Reach,abyssal_underlord_demons_reach,108,108,Underlord,,,,1
"linear-gradient(to right, rgb(202, 193, 148), rgb(67, 56, 40))",Yellow,0,Fiend's Gate periodically summons minions.,3,summons,Abyssal Horde,abyssal_underlord_summons,108,108,Underlord,,,,2
"linear-gradient(to right, rgb(173, 182, 190), rgb(78, 85, 87))",Gray,0,There is no minimum health threshold for Sundered enemies.,0,twin_hearts,Condemned,terrorblade_condemned,109,109,Terrorblade,,,,1
"linear-gradient(to right, rgb(148, 181, 186), rgb(56, 91, 89))",Blue,0,Conjure Image illusions always spawn at full health and cost health instead of mana.,2,illusion,Soul Fragment,terrorblade_soul_fragment,109,109,Terrorblade,,,,2
"linear-gradient(to right, rgb(173, 182, 190), rgb(78, 85, 87))",Gray,0,Presence of the Dark Lord temporarily reduces more armor after nearby enemy heroes are killed. Every hero kill increases Necromastery's max souls by 1 until Shadow Fiend dies.,0,armor_broken,Lasting Presence,nevermore_lasting_presence,11,11,Shadow Fiend,,,,1
"linear-gradient(to right, rgb(159, 60, 60), rgb(74, 32, 64))",Red,0,Shadowraze slows enemies.,0,slow,Shadowmire,nevermore_shadowmire,11,11,Shadow Fiend,,,,2
"linear-gradient(to right, rgb(159, 60, 60), rgb(74, 32, 64))",Red,0,Phoenix deals 4.5% of his missing health as magic damage to all enemies in a 400 radius every second.,2,barrier,Dying Light,phoenix_facet_immolate,110,110,Phoenix,,,,1
"linear-gradient(to right, rgb(159, 60, 60), rgb(74, 32, 64))",Red,0,Sun Ray deals more damage and applies more Blinding Sun stacks towards the tip of the ray.,1,nuke,Hotspot,phoenix_hotspot,110,110,Phoenix,,,,2
"linear-gradient(to right, rgb(159, 60, 60), rgb(74, 32, 64))",Red,0,Spell amplification increased by 1% per hero level.,2,nuke,Clairvoyant Curse,oracle_facet_dmg,111,111,Oracle,,,,1
"linear-gradient(to right, rgb(162, 178, 62), rgb(45, 90, 24))",Green,0,Heal amplification increased by 0.75% per hero level.,1,healing,Clairvoyant Cure,oracle_facet_heal,111,111,Oracle,,,,2
"linear-gradient(to right, rgb(148, 181, 186), rgb(56, 91, 89))",Blue,0,Cold Embrace can be cast on buildings. Does not heal buildings. Allied units and buildings gain bonus attack damage when emerging from the icy cocoon.,2,tower,Winterproof,winter_wyvern_winterproof,112,112,Winter Wyvern,,,,1
"linear-gradient(to right, rgb(148, 181, 186), rgb(56, 91, 89))",Blue,0,"Winter's Curse is recast on the lowest health enemy hero if the primary target dies. Cursed enemies take 125% physical, magical, and pure damage from Winter Wyvern.",0,ricochet,Recursive,winter_wyvern_recursive,112,112,Winter Wyvern,,,,2
"linear-gradient(to right, rgb(148, 181, 186), rgb(56, 91, 89))",Blue,0,"The Tempest Double is infused with the bonuses of Power Runes for 10s when created.<br><br>Level 1 - Invisibility Rune.<br><br>Level 2 - Invisibility and Arcane Runes.<br><br>Level 3 - Invisibility, Arcane, and Haste Runes.",1,arc_warden_alt,Runed Replica,arc_warden_runed_replica,113,113,Arc Warden,,,,1
"linear-gradient(to right, rgb(202, 193, 148), rgb(67, 56, 40))",Yellow,0,Magnetic Field pulls runes. Arc Warden gains +1.5 all attributes permanently upon activating a Power Rune.,1,rune,Power Capture,arc_warden_power_capture,113,113,Arc Warden,,,,2
"linear-gradient(to right, rgb(159, 60, 60), rgb(74, 32, 64))",Red,0,Monkey King's soldiers last longer and do not disperse unless he spends more than 4.0 seconds outside the area.,2,summons,Wukong's Faithful,monkey_king_wukongs_faithful,114,114,Monkey King,,,,1
"linear-gradient(to right, rgb(162, 178, 62), rgb(45, 90, 24))",Green,0,Increases the max level of Tree Dance. Level 5 Tree Dance reduces the cooldown to zero.,4,tree,Simian Stride,monkey_king_simian_stride,114,114,Monkey King,,,,2
"linear-gradient(to right, rgb(156, 112, 164), rgb(40, 39, 82))",Purple,0,Dark Willow deals more damage to nearby heroes when she's in the Shadow Realm.,1,damage,Throwing Shade,dark_willow_throwing_shade,119,119,Dark Willow,,,,1
"linear-gradient(to right, rgb(162, 178, 62), rgb(45, 90, 24))",Green,0,Cursed Crown accumulates all damage dealt by Dark Willow and attack damage dealt by her allies. A percentage of that damage is dealt again as magical damage to the whole area when the counter expires.,4,barrier,Shattering Crown,dark_willow_shattering_crown,119,119,Dark Willow,,,,2
"linear-gradient(to right, rgb(148, 181, 186), rgb(56, 91, 89))",Blue,0,Juxtapose Illusions spawn on random nearby units and deal more damage but can't be controlled.,2,summons,Divergence,phantom_lancer_divergence,12,12,Phantom Lancer,,,,1
"linear-gradient(to right, rgb(202, 193, 148), rgb(67, 56, 40))",Yellow,0,Spirit Lances from Phantom Lancer's illusions deal 25% Lance Damage.,1,phantom_lance,Lancelot,phantom_lancer_lancelot,12,12,Phantom Lancer,,,,2
"linear-gradient(to right, rgb(159, 60, 60), rgb(74, 32, 64))",Red,0,Pangolier can double jump with Shield Crash dealing more damage and gaining more barrier.,1,double_bounce,Double Jump,pangolier_double_jump,120,120,Pangolier,,,,1
"linear-gradient(to right, rgb(202, 193, 148), rgb(67, 56, 40))",Yellow,0,"Rolling Thunder movement and turn speed increased, but duration is decreased.",1,speed,Thunderbolt,pangolier_thunderbolt,120,120,Pangolier,,,,2
"linear-gradient(to right, rgb(173, 182, 190), rgb(78, 85, 87))",Gray,0,Ink Swell can be manually detonated early.,0,area_of_effect,Inkstigate,grimstroke_inkstigate,121,121,Grimstroke,,,,1
"linear-gradient(to right, rgb(159, 60, 60), rgb(74, 32, 64))",Red,0,Stroke of Fate can now be vector targeted to manipulate the ink's travel path.,1,brush,Fine Art,grimstroke_fine_art,121,121,Grimstroke,,,,2
"linear-gradient(to right, rgb(202, 193, 148), rgb(67, 56, 40))",Yellow,0,Scurry also provides bonus attack and cast range.,0,range,Go Nuts,hoodwink_hunter,123,123,Hoodwink,,,,1
"linear-gradient(to right, rgb(162, 178, 62), rgb(45, 90, 24))",Green,0,"Sharpshooter has a greatly reduced cooldown. Damage, debuff duration, turn time, and wind-up times are also reduced.",0,cooldown,Hipshot,hoodwink_hipshot,123,123,Hoodwink,,,,2
"linear-gradient(to right, rgb(156, 112, 164), rgb(40, 39, 82))",Purple,0,Resonant Pulse creates a larger all damage barrier instead of a physical barrier.,1,armor,Sanctuary,void_spirit_sanctuary,126,126,Void Spirit,,,,1
"linear-gradient(to right, rgb(173, 182, 190), rgb(78, 85, 87))",Gray,0,"Upon exiting Dissimilate, Aether Remnants are created at the 3 portals furthest from Void Spirit.",3,illusion,Call of the Void,void_spirit_aether_artifice,126,126,Void Spirit,,,,2
"linear-gradient(to right, rgb(173, 182, 190), rgb(78, 85, 87))",Gray,0,"Whenever Snapfire glances or misses an attack, 2 ricochet attacks will bounce towards nearby enemies.",3,ricochet,Ricochet II,snapfire_ricochet_ii,128,128,Snapfire,,,,1
"linear-gradient(to right, rgb(159, 60, 60), rgb(74, 32, 64))",Red,0,Scatterblast is narrower and longer. Bonus damage and slow when enemies are not in point blank range.,0,range,Full Bore,snapfire_full_bore,128,128,Snapfire,,,,2
"linear-gradient(to right, rgb(159, 60, 60), rgb(74, 32, 64))",Red,0,"Mars and his allies gain health, mana, and attack damage when an enemy inside his Arena of Blood dies.",2,healing,Victory Feast,mars_victory_feast,129,129,Mars,,,,1
"linear-gradient(to right, rgb(202, 193, 148), rgb(67, 56, 40))",Yellow,0,Enemies inside the Arena of Blood don't have vision outside the arena.,0,no_vision,Blood Sport,mars_arena,129,129,Mars,,,,2
"linear-gradient(to right, rgb(156, 112, 164), rgb(40, 39, 82))",Purple,0,Waning Rift can push or pull targets.,0,movement,Jostling Rift,puck_jostling_rift,13,13,Puck,,,,1
"linear-gradient(to right, rgb(148, 181, 186), rgb(56, 91, 89))",Blue,0,"Puck's Illusory Orb can be curved in any direction, moves faster, and lasts longer.",2,curve_ball,Curveball,puck_curveball,13,13,Puck,,,,2
"linear-gradient(to right, rgb(202, 193, 148), rgb(67, 56, 40))",Yellow,0,"Ringmaster's Souvenirs are Funhouse Mirror , Strongman Tonic , and Whoopee Cushion .",1,whoopee_cushion,Carny Classics,ringmaster_carny_classics,131,131,Ringmaster,,,,1
"linear-gradient(to right, rgb(159, 60, 60), rgb(74, 32, 64))",Red,0,"Ringmaster's Souvenirs are Crystal Ball , Unicycle , and Weighted Pie .",0,pie,Sideshow Secrets,ringmaster_sideshow_secrets,131,131,Ringmaster,,,,2
"linear-gradient(to right, rgb(173, 182, 190), rgb(78, 85, 87))",Gray,0,"Whenever Dawnbreaker hits a target with a powered up Luminosity, she decreases the cooldowns of all of her abilities.",3,cooldown,Solar Charged,dawnbreaker_solar_charged,135,135,Dawnbreaker,,,,1
"linear-gradient(to right, rgb(159, 60, 60), rgb(74, 32, 64))",Red,0,Dawnbreaker and nearby allies gain bonus attack speed at the end of Starbreaker for each swipe that hit enemy heroes.,1,fist,Starsurge,dawnbreaker_blaze,135,135,Dawnbreaker,,,,2
"linear-gradient(to right, rgb(202, 193, 148), rgb(67, 56, 40))",Yellow,0,Walking along Celestial Hammer's fire trail gives bonus movespeed.,1,Speed,Trailblazer,dawnbreaker_hearthfire,135,135,Dawnbreaker,,,,3
"linear-gradient(to right, rgb(148, 181, 186), rgb(56, 91, 89))",Blue,0,"While bodyguarded, Marci and her partner share a portion of health healed by this ability with each other.",1,twin_hearts,Buddy System,marci_buddy_system,136,136,Marci,,,,1
"linear-gradient(to right, rgb(156, 112, 164), rgb(40, 39, 82))",Purple,0,Rebound can be alt-cast to bring Marci's ally with her after the jump.,0,ricochet,Pick-me-up,marci_pickmeup,136,136,Marci,,,,2
"linear-gradient(to right, rgb(202, 193, 148), rgb(67, 56, 40))",Yellow,0,"Upon landing with Rebound, Marci gains a Fury combo. ",0,fist,Fleeting Fury,marci_fleeting_fury,136,136,Marci,,,,3
"linear-gradient(to right, rgb(159, 60, 60), rgb(74, 32, 64))",Red,0,Gain 2 Uproar stacks upon being disabled by an enemy hero.,0,broken_chain,Provoke the Beast,primal_beast_provoke_the_beast,137,137,Primal Beast,,,,1
"linear-gradient(to right, rgb(202, 193, 148), rgb(67, 56, 40))",Yellow,0,Each Pulverize slam increase Primal Beast's AoE.,3,area_of_effect,Ferocity,primal_beast_ferocity,137,137,Primal Beast,,,,2
"linear-gradient(to right, rgb(162, 178, 62), rgb(45, 90, 24))",Green,0,The Calling becomes stronger when heroes die inside it.,1,spirit,Dance of the Dead,muerta_dance_of_the_dead,138,138,Muerta,,,,1
"linear-gradient(to right, rgb(202, 193, 148), rgb(67, 56, 40))",Yellow,0,Muerta can place a beneficial Ofrenda on the map to respawn there instead of the fountain.,0,teleport,Ofrenda,muerta_ofrenda,138,138,Muerta,,,,2
"linear-gradient(to right, rgb(159, 60, 60), rgb(74, 32, 64))",Red,0,Dismember increases Strength when dealing damage to heroes.,0,meat,Fresh Meat,pudge_fresh_meat,14,14,Pudge,,,,1
"linear-gradient(to right, rgb(162, 178, 62), rgb(45, 90, 24))",Green,0,"While Rot is activated, Pudge gains bonus attack damage every second.",3,fist,Rotten Core,pudge_rotten_core,14,14,Pudge,,,,2
"linear-gradient(to right, rgb(202, 193, 148), rgb(67, 56, 40))",Yellow,0,"Kez deals extra damage on the first attack or ability after switching to Katana, and gains bonus movement speed after switching to Sai.",1,kez_flutter,Flutter,kez_flutter,145,145,Kez,,,,1
"linear-gradient(to right, rgb(148, 181, 186), rgb(56, 91, 89))",Blue,0,"Triggering a Shodo Sai Mark from invisibility deals bonus critical damage.  When Kez triggers a Shodo Sai Mark, reduce the cooldown of Shodo Sai and Kazurai Katana.",3,kez_shadowhawk,Shadowhawk,kez_shadowhawk,145,145,Kez,,,,2
"linear-gradient(to right, rgb(173, 182, 190), rgb(78, 85, 87))",Gray,0,Storm Surge lightning strikes more often and hits all units within Eye of the Storm's area of effect when it is active.,0,barrier,Thunderhead,razor_thunderhead,15,15,Razor,,,,1
"linear-gradient(to right, rgb(148, 181, 186), rgb(56, 91, 89))",Blue,0,Razor gains 1% spell amplification for every 20 points of attack damage.,0,nuke,Dynamo,razor_spellamp,15,15,Razor,,,,2
"linear-gradient(to right, rgb(173, 182, 190), rgb(78, 85, 87))",Gray,0,Sand Storm has increased radius and grants Sand King Invisibility while in it.,3,vision,Sandshroud,sand_king_sandshroud,16,16,Sand King,,,,1
"linear-gradient(to right, rgb(202, 193, 148), rgb(67, 56, 40))",Yellow,0,Sand Storm follows Sand King when he moves or Burrowstrikes.,1,speed,Dust Devil,sand_king_dust_devil,16,16,Sand King,,,,2
"linear-gradient(to right, rgb(148, 181, 186), rgb(56, 91, 89))",Blue,0,Electric Vortex applies a debuff that triggers an Overload Charge if they attack.,1,nuke,Shock Collar,storm_spirit_shock_collar,17,17,Storm Spirit,,,,1
"linear-gradient(to right, rgb(173, 182, 190), rgb(78, 85, 87))",Gray,0,Static Remnants spawn at Storm Spirit and move to the target position.,3,movement,Static Slide,storm_spirit_static_slide,17,17,Storm Spirit,,,,2
"linear-gradient(to right, rgb(148, 181, 186), rgb(56, 91, 89))",Blue,0,Warcry provides a physical damage barrier.,0,armor,Heavy Plate,sven_heavy_plate,18,18,Sven,,,,1
"linear-gradient(to right, rgb(159, 60, 60), rgb(74, 32, 64))",Red,0,Sven gains additional attack damage from Strength.,0,strength,Wrath of God,sven_strscaling,18,18,Sven,,,,2
"linear-gradient(to right, rgb(173, 182, 190), rgb(78, 85, 87))",Gray,0,Tossed units slow and deal bonus damage to other targets at the Toss destination.,2,nuke,Crash Landing,tiny_crash_landing,19,19,Tiny,341.0,4.3,45.7,1
"linear-gradient(to right, rgb(162, 178, 62), rgb(45, 90, 24))",Green,0,Tiny gains Status and Slow Resistance from Strength. Slow Resistance also reduces the impact of Attack Speed slows.,4,armor,Insurmountable,tiny_insurmountable,19,19,Tiny,7619.0,95.7,53.4,2
"linear-gradient(to right, rgb(159, 60, 60), rgb(74, 32, 64))",Red,0,Axe gains Strength based on his armor as long as he's away from his allies.,0,strength,One Man Army,axe_one_man_army,2,2,Axe,,,,1
"linear-gradient(to right, rgb(159, 60, 60), rgb(74, 32, 64))",Red,0,Berserker's Call gives attacking enemies more attack speed and Axe more armor for the duration.,2,armor,Call Out,axe_call_out,2,2,Axe,,,,2
"linear-gradient(to right, rgb(156, 112, 164), rgb(40, 39, 82))",Purple,0,Magic Missile deals 0.75 bonus damage for every creep the enemy has killed.,2,nuke,Avenging Missile,vengefulspirit_avenging_missile,20,20,Vengeful Spirit,,,,1
"linear-gradient(to right, rgb(148, 181, 186), rgb(56, 91, 89))",Blue,0,Vengeful Spirit's ranged attacks behave as if they were melee attacks.,1,fist,Soul Strike,vvengefulspirit_melee,20,20,Vengeful Spirit,,,,2
"linear-gradient(to right, rgb(202, 193, 148), rgb(67, 56, 40))",Yellow,0,Shackleshot affects more enemies and grants damage per unit shackled.,2,tree,Tangled,windrunner_tangled,21,21,Windranger,,,,1
"linear-gradient(to right, rgb(162, 178, 62), rgb(45, 90, 24))",Green,0,Powershot executes low health enemy heroes.,0,execute,Killshot,windrunner_killshot,21,21,Windranger,,,,2
"linear-gradient(to right, rgb(148, 181, 186), rgb(56, 91, 89))",Blue,0,Static Field deals more damage to nearby enemies.,1,range,Livewire,zuus_livewire,22,22,Zeus,,,,1
"linear-gradient(to right, rgb(173, 182, 190), rgb(78, 85, 87))",Gray,0,"When Thundergod's Wrath kills an enemy, it deals more damage to the other enemies.",3,nuke,Divine Rampage,zuus_divine_rampage,22,22,Zeus,,,,2
"linear-gradient(to right, rgb(148, 181, 186), rgb(56, 91, 89))",Blue,0,Tidebringer cooldown is reduced per enemy hero it hits.,2,cooldown,High Tide,kunkka_high_tide,23,23,Kunkka,,,,1
"linear-gradient(to right, rgb(202, 193, 148), rgb(67, 56, 40))",Yellow,0,"When X Marks the Spot returns its target, nearby allies gain Ghostship's improved Admiral's Rum buff.",2,armor,Grog Blossom,kunkka_grog,23,23,Kunkka,,,,2
"linear-gradient(to right, rgb(202, 193, 148), rgb(67, 56, 40))",Yellow,0,"Casting Laguna Blade temporarily supercharges Lina, granting her stacks of Fiery Soul.",0,damage,Thermal Runaway,lina_supercharge,25,25,Lina,,,,1
"linear-gradient(to right, rgb(159, 60, 60), rgb(74, 32, 64))",Red,0,Lina's spells deal extra damage over time.,0,nuke,Slow Burn,lina_dot,25,25,Lina,,,,2
"linear-gradient(to right, rgb(156, 112, 164), rgb(40, 39, 82))",Purple,0,Mana Drain deals damage equal to 100% of mana stolen.,2,nuke,Essence Eater,lion_essence_eater,26,26,Lion,,,,1
"linear-gradient(to right, rgb(159, 60, 60), rgb(74, 32, 64))",Red,0,Lion gains a strong Melee cleaving attack after casting Finger of Death.,2,fist,Fist of Death,lion_fist_of_death,26,26,Lion,,,,2
"linear-gradient(to right, rgb(202, 193, 148), rgb(67, 56, 40))",Yellow,0,Shadow Shaman's attacks can transform enemies into a chicken.,1,chicken,Chicken Fingers,shadow_shaman_voodoo_hands,27,27,Shadow Shaman,,,,1
"linear-gradient(to right, rgb(159, 60, 60), rgb(74, 32, 64))",Red,0,Summons a single massive Serpent Ward with 10x damage and bounty values and 10x health.,1,snake,Massive Serpent Ward,shadow_shaman_massive_serpent_ward,27,27,Shadow Shaman,,,,2
"linear-gradient(to right, rgb(159, 60, 60), rgb(74, 32, 64))",Red,0,Slardar has slow resistance and even more movement speed at the beginning of Guardian Sprint.,2,speed,Leg Day,slardar_leg_day,28,28,Slardar,,,,1
"linear-gradient(to right, rgb(156, 112, 164), rgb(40, 39, 82))",Purple,0,Corrosive Haze increases Slardar's armor by 50% of the total armor reduced.,1,armor,Brineguard,slardar_brineguard,28,28,Slardar,,,,2
"linear-gradient(to right, rgb(162, 178, 62), rgb(45, 90, 24))",Green,0,Kraken Shell gains permanent Damage Block when an enemy hero dies under the effects of Anchor Smash.,2,armor,Kraken Swell,tidehunter_kraken_swell,29,29,Tidehunter,,,,1
"linear-gradient(to right, rgb(162, 178, 62), rgb(45, 90, 24))",Green,0,Tidehunter grows larger and gains extra bonuses per level.,0,overshadow,Krill Eater,tidehunter_sizescale,29,29,Tidehunter,,,,2
"linear-gradient(to right, rgb(173, 182, 190), rgb(78, 85, 87))",Gray,0,Bane has increased attack speed when attacking Nightmared units.,0,damage,Dream Stalker,bane_dream_stalker,3,3,Bane,,,,1
"linear-gradient(to right, rgb(156, 112, 164), rgb(40, 39, 82))",Purple,0,Nightmared units walk in Bane's chosen direction.,1,movement,Sleepwalk,bane_sleepwalk,3,3,Bane,,,,2
"linear-gradient(to right, rgb(173, 182, 190), rgb(78, 85, 87))",Gray,0,Paralyzing Cask deals more damage each bounce.,3,ricochet,Headhunter,witch_doctor_headhunter,30,30,Witch Doctor,,,,1
"linear-gradient(to right, rgb(156, 112, 164), rgb(40, 39, 82))",Purple,0,Death Ward attacks multiple targets with reduced damage.,0,death_ward,Cleft Death,witch_doctor_cleft_death,30,30,Witch Doctor,,,,2
"linear-gradient(to right, rgb(148, 181, 186), rgb(56, 91, 89))",Blue,0,Chain Frost lingers on its last target if it fails to bounce and can bounce again if new targets become available.,0,snowflake,Frostbound,lich_frostbound,31,31,Lich,,,,1
"linear-gradient(to right, rgb(173, 182, 190), rgb(78, 85, 87))",Gray,0,"When an enemy is killed by Chain Frost or while under the effect of Frost Shield, the duration of these abilities is extended.",0,cooldown,Growing Cold,lich_growing_cold,31,31,Lich,,,,2
"linear-gradient(to right, rgb(173, 182, 190), rgb(78, 85, 87))",Gray,0,Riki receives bonus experience for assists and kills.,3,xp,Contract Killer,riki_contract_killer,32,32,Riki,,,,1
"linear-gradient(to right, rgb(156, 112, 164), rgb(40, 39, 82))",Purple,0,"Tricks of the Trade has 4.5x Agility Bonus when attacking non-hero units. When Riki kills a non-hero unit during Tricks of the Trade, the cooldown is reduced by 0.75s.",2,agility,Exterminator,riki_exterminator,32,32,Riki,,,,2
"linear-gradient(to right, rgb(173, 182, 190), rgb(78, 85, 87))",Gray,0,Units in a 600 radius moving away from Enigma have a 8% movespeed penalty.,3,slow,Event Horizon,enigma_gravity,33,33,Enigma,,,,1
"linear-gradient(to right, rgb(156, 112, 164), rgb(40, 39, 82))",Purple,0,Enigma spawns Eidolons upon receiving damage.,0,summons,Splitting Image,enigma_fragment,33,33,Enigma,,,,2
"linear-gradient(to right, rgb(148, 181, 186), rgb(56, 91, 89))",Blue,0,March of the Machines applies a non-stacking heal over time when passing through allied heroes.,2,healing,Repair Bots,tinker_repair_bots,34,34,Tinker,,,,1
"linear-gradient(to right, rgb(202, 193, 148), rgb(67, 56, 40))",Yellow,0,"When a Self-Defense Matrix barrier on Tinker is fully absorbed, he blinks in a random forward direction.<br><br>DISPEL TYPE: Basic Dispel",2,movement,Translocator,tinker_translocator,34,34,Tinker,,,,2
"linear-gradient(to right, rgb(202, 193, 148), rgb(67, 56, 40))",Yellow,0,"While Take Aim is active, Sniper's attacks do not reveal him from fog of war.",0,vision,Ghillie Suit,sniper_ghillie_suit,35,35,Sniper,,,,1
"linear-gradient(to right, rgb(159, 60, 60), rgb(74, 32, 64))",Red,0,"Shrapnel slow and damage are increased, but duration is decreased.",0,nuke,Scattershot,sniper_scattershot,35,35,Sniper,,,,2
"linear-gradient(to right, rgb(202, 193, 148), rgb(67, 56, 40))",Yellow,0,Sadist also grants Necrophos' AoE abilities and items bonus Radius per kill.,2,area_of_effect,Profane Potency,necrolyte_profane_potency,36,36,Necrophos,,,,1
"linear-gradient(to right, rgb(162, 178, 62), rgb(45, 90, 24))",Green,0,Ghost Shroud steals speed from his enemies and decreases their restorative powers.,3,speed,Rapid Decay,necrolyte_rapid_decay,36,36,Necrophos,,,,2
"linear-gradient(to right, rgb(159, 60, 60), rgb(74, 32, 64))",Red,0,Chaotic Offering Golems deal more burn damage based on Warlock's health and mana regeneration.,0,summons,Champion of Gorroth,warlock_golem,37,37,Warlock,,,,1
"linear-gradient(to right, rgb(173, 182, 190), rgb(78, 85, 87))",Gray,0,"Grants Warlock the item Black Grimoire, which can be consumed to gain experience for each kill Warlock participated in. Starts with 1 charge.",3,xp,Black Grimoire,warlock_grimoire,37,37,Warlock,,,,2
"linear-gradient(to right, rgb(159, 60, 60), rgb(74, 32, 64))",Red,0,Beastmaster attacks faster when his units are nearby.,1,summons,Wild Hunt,beastmaster_wild_hunt,38,38,Beastmaster,,,,1
"linear-gradient(to right, rgb(202, 193, 148), rgb(67, 56, 40))",Yellow,0,Beastmaster can get a self attack speed and damage amplification boost.,1,damage,Beast Mode,beastmaster_beast_mode,38,38,Beastmaster,,,,2
"linear-gradient(to right, rgb(159, 60, 60), rgb(74, 32, 64))",Red,0,Queen of Pain has bonus Spell Amplification but a percentage of her spell damage is reflected back to her.,0,nuke,Masochist,queenofpain_selfdmg,39,39,Queen of Pain,,,,1
"linear-gradient(to right, rgb(148, 181, 186), rgb(56, 91, 89))",Blue,0,Queen of Pain returns spell damage back to enemies.,0,twin_hearts,Bondage,queenofpain_facet_bondage,39,39,Queen of Pain,,,,2
"linear-gradient(to right, rgb(159, 60, 60), rgb(74, 32, 64))",Red,0,Ruptured units are pushed when attacked by Bloodseeker.,1,movement,Arterial Spray,bloodseeker_arterial_spray,4,4,Bloodseeker,,,,1
"linear-gradient(to right, rgb(173, 182, 190), rgb(78, 85, 87))",Gray,0,Bloodseeker can supercharge the movement speed from Thirst temporarily.,1,speed,Bloodrush,bloodseeker_bloodrush,4,4,Bloodseeker,,,,2
"linear-gradient(to right, rgb(162, 178, 62), rgb(45, 90, 24))",Green,0,Noxious Plague spreads again.,0,snot,Patient Zero,venomancer_patient_zero,40,40,Venomancer,,,,1
"linear-gradient(to right, rgb(202, 193, 148), rgb(67, 56, 40))",Yellow,0,Plague Wards can be attached to allies and have extra charges.,0,summons,Plague Carrier,venomancer_plague_carrier,40,40,Venomancer,,,,2
"linear-gradient(to right, rgb(162, 178, 62), rgb(45, 90, 24))",Green,0,"Faceless Void can cast Chronosphere , trapping enemies in a sphere.",0,area_of_effect,Chronosphere,faceless_void_chronosphere,41,41,Faceless Void,,,,1
"linear-gradient(to right, rgb(156, 112, 164), rgb(40, 39, 82))",Purple,0,"Faceless Void can cast Time Zone , dramatically slowing down enemies and speeding up allies in an area.",1,chrono_cube,Time Zone,faceless_void_time_zone,41,41,Faceless Void,,,,2
"linear-gradient(to right, rgb(202, 193, 148), rgb(67, 56, 40))",Yellow,0,Wraith King can summon skeletons to fight for him.,0,summons,Bone Guard,skeleton_king_facet_bone_guard,42,42,Wraith King,,,,1
"linear-gradient(to right, rgb(159, 60, 60), rgb(74, 32, 64))",Red,0,"Wraith King's attacks curse enemies, dealing additional damage after a delay.",0,damage,Spectral Blade,skeleton_king_facet_cursed_blade,42,42,Wraith King,,,,2
"linear-gradient(to right, rgb(162, 178, 62), rgb(45, 90, 24))",Green,0,Hero deaths empower your next Exorcism.,1,spirit,Spirit Collector,death_prophet_ghosts,43,43,Death Prophet,,,,1
"linear-gradient(to right, rgb(159, 60, 60), rgb(74, 32, 64))",Red,0,"Death Prophet delays a percentage of incoming damage, taking the damage in even intervals over a short duration.",1,healing,Mourning Ritual,death_prophet_delayed_damage,43,43,Death Prophet,,,,2
"linear-gradient(to right, rgb(173, 182, 190), rgb(78, 85, 87))",Gray,0,Coup de Grace procs every 6 attacks on the same hero or 4 attacks on non hero units.,0,skull,Methodical,phantom_assassin_methodical,44,44,Phantom Assassin,,,,1
"linear-gradient(to right, rgb(159, 60, 60), rgb(74, 32, 64))",Red,0,Stifling Dagger re-casts when an enemy dies.,0,phantom_ass_dagger,Sweet Release,phantom_assassin_sweet_release,44,44,Phantom Assassin,,,,2
"linear-gradient(to right, rgb(162, 178, 62), rgb(45, 90, 24))",Green,0,Nether Ward restores mana and health to Pugna based on how much damage is dealt.,0,healing,Siphoning Ward,pugna_siphoning_ward,45,45,Pugna,,,,1
"linear-gradient(to right, rgb(156, 112, 164), rgb(40, 39, 82))",Purple,0,Pugna receives 1.25% spell amplification per destroyed tower.,2,siege,Rewards of Ruin,pugna_rewards_of_ruin,45,45,Pugna,,,,2
"linear-gradient(to right, rgb(173, 182, 190), rgb(78, 85, 87))",Gray,0,Meld bonus damage and armor reductions are applied to all enemies in the Psi Blades split range.,3,ricochet,Voidblades,templar_assassin_voidblades,46,46,Templar Assassin,,,,1
"linear-gradient(to right, rgb(156, 112, 164), rgb(40, 39, 82))",Purple,0,Refraction gains a damage charge every time a shield charge gets consumed.,0,damage,Refractor,templar_assassin_refractor,46,46,Templar Assassin,,,,2
"linear-gradient(to right, rgb(148, 181, 186), rgb(56, 91, 89))",Blue,0,"When in Meld, Templar increases her attack range by up to an additional 400 range over 1s.",1,range,Hidden Reach,templar_assassin_hidden_reach,46,46,Templar Assassin,,,,3
"linear-gradient(to right, rgb(162, 178, 62), rgb(45, 90, 24))",Green,0,"After Poison Attack stacks expire, enemies around the target take additional damage.",0,area_of_effect,Poison Burst,viper_poison_burst,47,47,Viper,,,,1
"linear-gradient(to right, rgb(202, 193, 148), rgb(67, 56, 40))",Yellow,0,Viper's Corrosive Skin effects are increased while he is in Nethertoxin.,2,armor,Caustic Bath,viper_caustic_bath,47,47,Viper,,,,2
"linear-gradient(to right, rgb(173, 182, 190), rgb(78, 85, 87))",Gray,0,Lunar Orbit provide damage reduction while active.,3,armor,Moonshield,luna_moonshield,48,48,Luna,,,,1
"linear-gradient(to right, rgb(148, 181, 186), rgb(56, 91, 89))",Blue,0,Hitting enemies with Lucent Beams or Eclipse grants Luna bonus attack damage.,1,damage,Moonstorm,luna_moonstorm,48,48,Luna,,,,2
"linear-gradient(to right, rgb(159, 60, 60), rgb(74, 32, 64))",Red,0,Dragon Knight deals additional Magic Damage with his attacks. Dragon Knight's abilities have increased Area of Effect that get stronger when in Elder Dragon Form.,1,dragon_fire,Fire Dragon,dragon_knight_fire_dragon,49,49,Dragon Knight,,,,1
"linear-gradient(to right, rgb(162, 178, 62), rgb(45, 90, 24))",Green,0,Dragon Knight has Corrosive Powers on his attacks that get stronger when in Elder Dragon Form. All of his abilities deal Physical damage.,0,dragon_poison,Corrosive Dragon,dragon_knight_corrosive_dragon,49,49,Dragon Knight,,,,2
"linear-gradient(to right, rgb(148, 181, 186), rgb(56, 91, 89))",Blue,0,Dragon Knight has Slow and Healing Reduction Effects on his attacks that get stronger when in Elder Dragon Form.,0,dragon_frost,Frost Dragon,dragon_knight_frost_dragon,49,49,Dragon Knight,,,,3
"linear-gradient(to right, rgb(173, 182, 190), rgb(78, 85, 87))",Gray,0,Crystal Nova has increased radius and grants allied heroes a physical damage barrier. Barrier is increased for Crystal Maiden.,3,armor,Glacial Guard,crystal_maiden_glacial_guard,5,5,Crystal Maiden,,,,1
"linear-gradient(to right, rgb(148, 181, 186), rgb(56, 91, 89))",Blue,0,"Activating Arcane Aura temporarily increases Crystal Maiden's spell amplification and mana costs. During the duration, Crystal Maiden restores her allies' Mana when casting spells.",2,mana,Arcane Overflow,crystal_maiden_arcane_overflow,5,5,Crystal Maiden,,,,2
"linear-gradient(to right, rgb(159, 60, 60), rgb(74, 32, 64))",Red,0,Dazzle's overhealing is converted into a barrier. Weave is stronger on allies.,1,armor,Nothl Boon,dazzle_facet_nothl_boon,50,50,Dazzle,,,,1
"linear-gradient(to right, rgb(156, 112, 164), rgb(40, 39, 82))",Purple,0,Dazzle can spread his Poison Touch when attacking enemies. Weave is stronger on enemies.,0,ricochet,Poison Bloom,dazzle_poison_bloom,50,50,Dazzle,,,,2
"linear-gradient(to right, rgb(173, 182, 190), rgb(78, 85, 87))",Gray,0,"If there's another allied hero within 350 of Hookshot's hit target, Clockwerk and all allies in the area receive bonus armor, while refunding a portion of Hookshot's cooldown and manacost.",2,cooldown,Hookup,rattletrap_hookup,51,51,Clockwerk,,,,1
"linear-gradient(to right, rgb(159, 60, 60), rgb(74, 32, 64))",Red,0,Power Cogs form in a larger radius.,2,area_of_effect,Expanded Armature,rattletrap_expanded_armature,51,51,Clockwerk,,,,2
"linear-gradient(to right, rgb(148, 181, 186), rgb(56, 91, 89))",Blue,0,Leshrac's attacks restore mana.,1,mana,Chronoptic Nourishment,leshrac_attacks_mana,52,52,Leshrac,,,,1
"linear-gradient(to right, rgb(156, 112, 164), rgb(40, 39, 82))",Purple,0,Diabolic Edict explosion rate increased but it no longer damages buildings.,0,nuke,Misanthropy,leshrac_misanthropy,52,52,Leshrac,,,,2
"linear-gradient(to right, rgb(162, 178, 62), rgb(45, 90, 24))",Green,0,Allies inside and nearby on the outside of Sprout are healed over time.,0,healing,Soothing Saplings,furion_soothing_saplings,53,53,Nature's Prophet,,,,1
"linear-gradient(to right, rgb(148, 181, 186), rgb(56, 91, 89))",Blue,0,"Nature's Call creates only 1 =1 =1 =1 Treant that has more health, more damage, increased vision, increased movement speed, and is Reinforced.",2,siege,Ironwood Treant,furion_ironwood_treant,53,53,Nature's Prophet,,,,2
"linear-gradient(to right, rgb(173, 182, 190), rgb(78, 85, 87))",Gray,0,Feast's max HP per hero kill is increased. Open Wounds' cooldown is refreshed if a unit dies while afflicted by Open Wounds.,0,full_heart,Fleshfeast,life_stealer_fleshfeast,54,54,Lifestealer,,,,1
"linear-gradient(to right, rgb(159, 60, 60), rgb(74, 32, 64))",Red,0,Consuming a creep with Infest drenches enemies in blood which deals damage over time based on the host's remaining health. Infest can be used on Ancient creeps.,0,area_of_effect,Gorestorm,life_stealer_gorestorm,54,54,Lifestealer,,,,2
"linear-gradient(to right, rgb(173, 182, 190), rgb(78, 85, 87))",Gray,0,Dark Seer also gains Attack Speed from Intelligence.,3,damage,Quick Wit,dark_seer_atkspd,55,55,Dark Seer,,,,1
"linear-gradient(to right, rgb(156, 112, 164), rgb(40, 39, 82))",Purple,0,Dark Seer moves faster when near other heroes.,2,speed,Heart of Battle,dark_seer_movespd,55,55,Dark Seer,,,,2
"linear-gradient(to right, rgb(173, 182, 190), rgb(78, 85, 87))",Gray,0,Strafe attacks cause enemies to miss more often.,3,no_vision,Suppressive Fire,clinkz_suppressive_fire,56,56,Clinkz,,,,1
"linear-gradient(to right, rgb(202, 193, 148), rgb(67, 56, 40))",Yellow,0,Death Pact teleports Clinkz towards his victim. Reduces Death Pact cooldown.,0,teleport,Engulfing Step,clinkz_engulfing_step,56,56,Clinkz,,,,2
"linear-gradient(to right, rgb(173, 182, 190), rgb(78, 85, 87))",Gray,0,Omniknight deals more damage to heroes inside his Degen Aura.,3,damage,Omnipresent,omniknight_omnipresent,57,57,Omniknight,,,,1
"linear-gradient(to right, rgb(202, 193, 148), rgb(67, 56, 40))",Yellow,0,Ability damage done to enemies by Omniknight heals him over time.,0,healing,Healing Hammer,omniknight_dmgheals,57,57,Omniknight,,,,2
"linear-gradient(to right, rgb(162, 178, 62), rgb(45, 90, 24))",Green,0,Summon Healing Wisps upon receiving damage.,0,healing,Overprotective Wisps,enchantress_overprotective_wisps,58,58,Enchantress,,,,1
"linear-gradient(to right, rgb(202, 193, 148), rgb(67, 56, 40))",Yellow,0,Enchant and attacks on Enchanted targets have extra range.,2,range,Spellbound,enchantress_spellbound,58,58,Enchantress,,,,2
"linear-gradient(to right, rgb(159, 60, 60), rgb(74, 32, 64))",Red,0,"Berserker's Blood can be activated for a health cost. Dispels Huskar, then after a delay, heals for the amount of health consumed plus an additional bonus per debuff dispelled.",0,broken_chain,Cauterize,huskar_cauterize,59,59,Huskar,,,,1
"linear-gradient(to right, rgb(202, 193, 148), rgb(67, 56, 40))",Yellow,0,Burning Spears also burns enemies for a percentage of their max health. Costs Max Health instead of Current Health.,0,damage,Incendiary,huskar_nothl_conflagration,59,59,Huskar,,,,2
"linear-gradient(to right, rgb(173, 182, 190), rgb(78, 85, 87))",Gray,0,Drow deals 30% more damage when attacking from high ground.,1,damage,Vantage Point,drow_ranger_high_ground,6,6,Drow Ranger,,,,1
"linear-gradient(to right, rgb(148, 181, 186), rgb(56, 91, 89))",Blue,0,Drow can move slowly and use items while casting Multishot.,1,multi_arrow,Sidestep,drow_ranger_sidestep,6,6,Drow Ranger,,,,2
"linear-gradient(to right, rgb(173, 182, 190), rgb(78, 85, 87))",Gray,0,The game now starts at night instead of day. Night is longer than day. Night Stalker starts with a bonus level of Hunter in the Night.,0,moon,Night Reign,night_stalker_dayswap,60,60,Night Stalker,,,,1
"linear-gradient(to right, rgb(148, 181, 186), rgb(56, 91, 89))",Blue,0,Increases the max level of Void. Level 5 Void at night becomes ground targeted and applies to an area.,0,area_of_effect,Voidbringer,night_stalker_voidbringer,60,60,Night Stalker,,,,2
"linear-gradient(to right, rgb(173, 182, 190), rgb(78, 85, 87))",Gray,0,Reduces health regeneration of enemies on webs.,0,web,Necrotic Webs,broodmother_necrotic_webs,61,61,Broodmother,,,,1
"linear-gradient(to right, rgb(159, 60, 60), rgb(74, 32, 64))",Red,0,Insatiable Hunger also applies to nearby Spiderlings.,0,summons,Feeding Frenzy,broodmother_feeding_frenzy,61,61,Broodmother,,,,2
"linear-gradient(to right, rgb(159, 60, 60), rgb(74, 32, 64))",Red,0,Shuriken Toss applies its damage and slow to all enemies it passes through.,0,nuke,Through and Through,bounty_hunter_shuriken,62,62,Bounty Hunter,,,,1
"linear-gradient(to right, rgb(202, 193, 148), rgb(67, 56, 40))",Yellow,0,Bounty Hunter steals gold when targeting enemy heroes with his abilities or items.,0,gold,Cutpurse,bounty_hunter_mugging,62,62,Bounty Hunter,,,,2
"linear-gradient(to right, rgb(159, 60, 60), rgb(74, 32, 64))",Red,0,Shukuchi movespeed increased and slows enemies when passing through them.,0,speed,Skitterstep,weaver_skitterstep,63,63,Weaver,,,,1
"linear-gradient(to right, rgb(148, 181, 186), rgb(56, 91, 89))",Blue,0,Weaver gains experience when The Swarm beetles attack heroes.,1,xp,Hivemind,weaver_hivemind,63,63,Weaver,,,,2
"linear-gradient(to right, rgb(159, 60, 60), rgb(74, 32, 64))",Red,0,Jakiro deals more damage with his double attacks.,0,damage,Twin Terror,jakiro_twin_terror,64,64,Jakiro,,,,1
"linear-gradient(to right, rgb(148, 181, 186), rgb(56, 91, 89))",Blue,0,"Ice Path lasts longer and detonates upon expiration, dealing damage and stunning enemies a second time. Ice Path can be manually detonated early.",1,snowflake,Ice Breaker,jakiro_ice_breaker,64,64,Jakiro,,,,2
"linear-gradient(to right, rgb(202, 193, 148), rgb(67, 56, 40))",Yellow,0,Batrider gains Move Speed and Spell Amplification when displacing enemies.,1,speed,Stoked,batrider_buff_on_displacement,65,65,Batrider,,,,1
"linear-gradient(to right, rgb(159, 60, 60), rgb(74, 32, 64))",Red,0,Sticky Napalm deals damage to structures.,0,siege,Arsonist,batrider_arsonist,65,65,Batrider,,,,2
"linear-gradient(to right, rgb(202, 193, 148), rgb(67, 56, 40))",Yellow,0,Summon Convert calls forth either a Centaur Courser or Centaur Conqueror.,3,area_of_effect,Centaur Convert,chen_centaur_convert,66,66,Chen,,,,1
"linear-gradient(to right, rgb(159, 60, 60), rgb(74, 32, 64))",Red,0,Summon Convert calls forth either a Hellbear or Hellbear Smasher.,0,slow,Hellbear Convert,chen_hellbear_convert,66,66,Chen,,,,2
"linear-gradient(to right, rgb(162, 178, 62), rgb(45, 90, 24))",Green,0,Summon Convert calls forth either a Hill Troll or Dark Troll Summoner.,0,summons,Troll Convert,chen_troll_convert,66,66,Chen,,,,3
"linear-gradient(to right, rgb(156, 112, 164), rgb(40, 39, 82))",Purple,0,Summon Convert calls forth either a Satyr Mindstealer or Satyr Tormenter.,1,mana,Satyr Convert,chen_satyr_convert,66,66,Chen,,,,4
"linear-gradient(to right, rgb(148, 181, 186), rgb(56, 91, 89))",Blue,0,Summon Convert calls forth either a Marshmage Apprentice or a Marshmage.,3,bubbles,Marshmage Convert,chen_frog_convert,66,66,Chen,,,,5
"linear-gradient(to right, rgb(173, 182, 190), rgb(78, 85, 87))",Gray,0,Spectre deals 1.75x damage with Desolate. Spectre's illusions no longer have Desolate.,0,spectre,Forsaken,spectre_forsaken,67,67,Spectre,,,,1
"linear-gradient(to right, rgb(156, 112, 164), rgb(40, 39, 82))",Purple,0,Reality also casts Spectral Dagger on the target.,2,nuke,Twist the Knife,spectre_twist_the_knife,67,67,Spectre,,,,2
"linear-gradient(to right, rgb(173, 182, 190), rgb(78, 85, 87))",Gray,0,Ancient Apparition's abilities reduce the enemy's Strength.,3,debuff,Bone Chill,ancient_apparition_bone_chill,68,68,Ancient Apparition,,,,1
"linear-gradient(to right, rgb(148, 181, 186), rgb(56, 91, 89))",Blue,0,"Cold Feet applies in an AoE, depending on the current level of Ice Blast.",0,area_of_effect,Exposure,ancient_apparition_exposure,68,68,Ancient Apparition,,,,2
"linear-gradient(to right, rgb(159, 60, 60), rgb(74, 32, 64))",Red,0,Devour now has 2 charges and stolen creep abilities are upgraded by one level.,0,meat,Gluttony,doom_bringer_gluttony,69,69,Doom,,,,1
"linear-gradient(to right, rgb(202, 193, 148), rgb(67, 56, 40))",Yellow,0,"Doom can sell items for 90% of their value, but his buyback costs are increased by 20%.",0,gold,Devil's Bargain,doom_bringer_boost_selling,69,69,Doom,,,,2
"linear-gradient(to right, rgb(173, 182, 190), rgb(78, 85, 87))",Gray,0,"Every 6.66 minutes, Doom's duration is increased by 0.66s.",0,cooldown,Impending Doom,doom_bringer_impending_doom,69,69,Doom,,,,3
"linear-gradient(to right, rgb(159, 60, 60), rgb(74, 32, 64))",Red,0,Aftershock radius is increased by 50 every 10 hero levels.,1,area_of_effect,Tectonic Buildup,earthshaker_tectonic_buildup,7,7,Earthshaker,,,,1
"linear-gradient(to right, rgb(202, 193, 148), rgb(67, 56, 40))",Yellow,0,"Enemies killed with Enchant Totem or Earthshaker's other abilities are sent flying, dealing damage to enemies they hit.",1,movement,Slugger,earthshaker_slugger,7,7,Earthshaker,,,,2
"linear-gradient(to right, rgb(159, 60, 60), rgb(74, 32, 64))",Red,0,"When damaged during Enrage, Ursa gains bonus attack damage.",0,damage,Grudge Bearer,ursa_grudge_bearer,70,70,Ursa,,,,1
"linear-gradient(to right, rgb(148, 181, 186), rgb(56, 91, 89))",Blue,0,Debuffs inflicted by Ursa last longer.,0,cooldown,Bear Down,ursa_debuff_reduce,70,70,Ursa,,,,2
"linear-gradient(to right, rgb(159, 60, 60), rgb(74, 32, 64))",Red,0,Charge of Darkness bonus movement speed lingers after charge ends.,1,speed,Bull Rush,spirit_breaker_bull_rush,71,71,Spirit Breaker,,,,1
"linear-gradient(to right, rgb(148, 181, 186), rgb(56, 91, 89))",Blue,0,Greater Bash chance is increased if you've bashed more than one hero recently.,2,rng,Bull's Hit,spirit_breaker_bulls_hit,71,71,Spirit Breaker,,,,2
"linear-gradient(to right, rgb(159, 60, 60), rgb(74, 32, 64))",Red,0,Call Down creates delayed secondary explosions around heroes it hits.,0,nuke,Secondary Strikes,gyrocopter_secondary_strikes,72,72,Gyrocopter,,,,1
"linear-gradient(to right, rgb(202, 193, 148), rgb(67, 56, 40))",Yellow,0,Every successful hit of a Rocket Barrage rocket on an enemy hero increases Gyrocopter's movement speed.,1,speed,Afterburner,gyrocopter_afterburner,72,72,Gyrocopter,,,,2
"linear-gradient(to right, rgb(202, 193, 148), rgb(67, 56, 40))",Yellow,0,Alchemist starts with 250 more gold.,0,gold,Seed Money,alchemist_seed_money,73,73,Alchemist,,,,1
"linear-gradient(to right, rgb(156, 112, 164), rgb(40, 39, 82))",Purple,0,Unstable Concoction and Berserk Potion recharge faster when in Chemical Rage.,2,cooldown,Mixologist,alchemist_mixologist,73,73,Alchemist,,,,2
"linear-gradient(to right, rgb(162, 178, 62), rgb(45, 90, 24))",Green,0,Alchemist gains +75 GPM for each Aghanim's Scepter he has granted to allies.,2,aghs,Dividends,alchemist_dividends,73,73,Alchemist,,,,3
"linear-gradient(to right, rgb(148, 181, 186), rgb(56, 91, 89))",Blue,0,"<font color='#7998b5'>Quas</font> gains an additional max level. When Invoker reaches level 6, <font color='#7998b5'>Quas</font> gains an additional level.<br><br>When <b>Cold Snap</b> triggers, Invoker is healed.<br><br><font color='#92acf5'>Aghanim's Scepter</font> upgrades <b>Ghost Walk</b> and grants 2 current and max levels to <font color='#7998b5'>Quas</font>, increasing it to 10.<br><br><font color='#92acf5'>Aghanim's Shard</font> upgrades <b>Ice Wall</b>.",0,invoker_quas,Scholar of Koryx,invoker_quas_focus,74,74,Invoker,,,,1
"linear-gradient(to right, rgb(156, 112, 164), rgb(40, 39, 82))",Purple,0,"<font color='#d671a9'>Wex</font> gains an additional max level. When Invoker reaches level 6, <font color='#d671a9'>Wex</font> gains an additional level.<br><br><b>Alacrity</b> grants bonus attack range when used on Invoker or range units under his control.</b><br><br><font color='#92acf5'>Aghanim's Scepter</font> upgrades <b>Tornado</b> and grants 2 current and max levels to <font color='#d671a9'>Wex</font>, increasing it to 10.<br><br><font color='#92acf5'>Aghanim's Shard</font> upgrades <b>E.M.P.</b>",0,invoker_wex,Mind of Tornarus,invoker_wex_focus,74,74,Invoker,,,,2
"linear-gradient(to right, rgb(202, 193, 148), rgb(67, 56, 40))",Yellow,0,"<font color='#cabe68'>Exort</font> gains an additional max level. When Invoker reaches level 6, <font color='#cabe68'>Exort</font> gains an additional level.<br><br><b>Chaos Meteor</b>'s radius and travel distance is increased.<br><br><font color='#92acf5'>Aghanim's Scepter</font> upgrades <b>Sun Strike</b> and grants 2 current and max levels to <font color='#cabe68'>Exort</font>, increasing it to 10.<br><br><font color='#92acf5'>Aghanim's Shard</font> upgrades <b>Sun Strike</b>.",0,invoker_exort,Agent of Gallaron,invoker_exort_focus,74,74,Invoker,,,,3
"linear-gradient(to right, rgb(156, 112, 164), rgb(40, 39, 82))",Purple,0,Silencer cannot be silenced.,1,silencer,Irrepressible,silencer_irrepressible,75,75,Silencer,,,,1
"linear-gradient(to right, rgb(173, 182, 190), rgb(78, 85, 87))",Gray,0,The first time Global Silence ends on a unit it is applied again.,3,debuff,Reverberating Silence,silencer_reverberating_silence,75,75,Silencer,,,,2
"linear-gradient(to right, rgb(148, 181, 186), rgb(56, 91, 89))",Blue,0,"When Essence Flux restores mana, it also temporarily increases maximum mana.",0,mana,Obsidian Decimator,obsidian_destroyer_obsidian_decimator,76,76,Outworld Devourer,,,,1
"linear-gradient(to right, rgb(148, 181, 186), rgb(56, 91, 89))",Blue,0,Heroes affected by Astral Imprisonment and Sanity's Eclipse heal Outworld Destroyer every time they cast a spell.,2,healing,Overwhelming Devourer,obsidian_destroyer_overwhelming_devourer,76,76,Outworld Devourer,,,,2
"linear-gradient(to right, rgb(173, 182, 190), rgb(78, 85, 87))",Gray,0,Enemy heroes killed by Lycan or his units extend Shapeshift duration.,1,summons,Pack Leader,lycan_pack_leader,77,77,Lycan,,,,1
"linear-gradient(to right, rgb(159, 60, 60), rgb(74, 32, 64))",Red,0,Summon Wolves creates invulnerable non-attacking wolves that buff Lycan's health and attack damage.,0,spirit,Spirit Wolves,lycan_spirit_wolves,77,77,Lycan,,,,2
"linear-gradient(to right, rgb(162, 178, 62), rgb(45, 90, 24))",Green,0,Increases the max level of Summon Wolves while lowering the max level of Howl and Feral Impulse.,2,wolf,Alpha Wolves,lycan_alpha_wolves,77,77,Lycan,,,,3
"linear-gradient(to right, rgb(159, 60, 60), rgb(74, 32, 64))",Red,0,"Throw a barrel at enemies, damaging them and applying Cinder Brew.",1,nuke,Roll Out the Barrel,brewmaster_roll_out_the_barrel,78,78,Brewmaster,,,,1
"linear-gradient(to right, rgb(202, 193, 148), rgb(67, 56, 40))",Yellow,0,"When brewed up, Brewmaster moves with a varying amount of movement speed, altering between 15% slower and 50% faster for the duration.",1,speed,Drunken Master,brewmaster_drunken_master,78,78,Brewmaster,,,,2
"linear-gradient(to right, rgb(173, 182, 190), rgb(78, 85, 87))",Gray,0,Disseminate instantly removes a percentage of the opponent's health for its duration.,0,nuke,Promulgate,shadow_demon_promulgate,79,79,Shadow Demon,,,,1
"linear-gradient(to right, rgb(156, 112, 164), rgb(40, 39, 82))",Purple,0,Shadow Demon creates illusions of heroes that die near him.,0,illusion,Shadow Servant,shadow_demon_facet_soul_mastery,79,79,Shadow Demon,,,,2
"linear-gradient(to right, rgb(202, 193, 148), rgb(67, 56, 40))",Yellow,0,Blade Fury can now critically strike based on the level of Blade Dance.,1,spinning,Bladestorm,juggernaut_bladestorm,8,8,Juggernaut,,,,1
"linear-gradient(to right, rgb(159, 60, 60), rgb(74, 32, 64))",Red,0,Juggernaut gains Agility and Movement Speed as long as he's not taking damage.,2,agility,Bladeform,juggernaut_agigain,8,8,Juggernaut,,,,2
"linear-gradient(to right, rgb(162, 178, 62), rgb(45, 90, 24))",Green,0,Spirit Link's Shared Armor is increased and Lone Druid's attacks heal the Spirit Bear.,1,healing,Bear with Me,lone_druid_bear_with_me,80,80,Lone Druid,,,,1
"linear-gradient(to right, rgb(173, 182, 190), rgb(78, 85, 87))",Gray,0,Lone Druid's items are more powerful and his inventory is smaller.,1,item,Bear Necessities,lone_druid_bear_necessities,80,80,Lone Druid,,,,2
"linear-gradient(to right, rgb(173, 182, 190), rgb(78, 85, 87))",Gray,0,"Reality Rift has equal chances of applying Break, Disarm, or Silence for 50% of the base debuff duration in addition to its normal effects.",0,rng,Irrationality,chaos_knight_irrationality,81,81,Chaos Knight,,,,1
"linear-gradient(to right, rgb(202, 193, 148), rgb(67, 56, 40))",Yellow,0,Chaos Knight can craft artifacts from the next tier when making a Neutral Item.,1,item,Fundamental Forging,chaos_knight_facet_fundamental_forging,81,81,Chaos Knight,,,,2
"linear-gradient(to right, rgb(159, 60, 60), rgb(74, 32, 64))",Red,0,"Chaos Bolt splits in half upon striking its target, stunning one additional enemy and damaging another.",0,ricochet,Cloven Chaos,chaos_knight_cloven_chaos,81,81,Chaos Knight,,,,3
"linear-gradient(to right, rgb(148, 181, 186), rgb(56, 91, 89))",Blue,0,Obtain extra Meepos sooner and get 1 extra Meepo.,2,summons,More Meepo,meepo_more_meepo,82,82,Meepo,,,,1
"linear-gradient(to right, rgb(202, 193, 148), rgb(67, 56, 40))",Yellow,0,Meepos increase other Meepos' attack speed and armor.,1,illusion,Codependent,meepo_codependent,82,82,Meepo,,,,2
"linear-gradient(to right, rgb(202, 193, 148), rgb(67, 56, 40))",Yellow,0,Treant gains +6 base attack damage per hero level.,2,damage,Primeval Power,treant_primeval_power,83,83,Treant Protector,,,,1
"linear-gradient(to right, rgb(162, 178, 62), rgb(45, 90, 24))",Green,0,Leech Seed can be ground targeted to plant a tree.,2,tree,Sapling,treant_sapling,83,83,Treant Protector,,,,2
"linear-gradient(to right, rgb(159, 60, 60), rgb(74, 32, 64))",Red,0,Multicast chance is increased by  0.06% of Ogre Magi's Strength.,0,rng,Fat Chance,ogre_magi_fat_chance,84,84,Ogre Magi,,,,1
"linear-gradient(to right, rgb(148, 181, 186), rgb(56, 91, 89))",Blue,0,Level requirement of all spells and talents reduced by 1. You get 0 Ability Points at level one and 3 Ability Points at level two.,1,ogre,Learning Curve,ogre_magi_learning_curve,84,84,Ogre Magi,,,,2
"linear-gradient(to right, rgb(162, 178, 62), rgb(45, 90, 24))",Green,0,"While transformed into a Flesh Golem, attacks spawn a zombie.",4,summons,Rotting Mitts,undying_rotting_mitts,85,85,Undying,,,,1
"linear-gradient(to right, rgb(159, 60, 60), rgb(74, 32, 64))",Red,0,Casting Soul Rip on allies increases their Strength by a percentage of Undying's Strength.,1,strength,Ripped,undying_ripped,85,85,Undying,,,,2
"linear-gradient(to right, rgb(156, 112, 164), rgb(40, 39, 82))",Purple,0,Stolen spells also have lower mana cost.,2,mana,Frugal Filch,rubick_frugal_filch,86,86,Rubick,,,,1
"linear-gradient(to right, rgb(162, 178, 62), rgb(45, 90, 24))",Green,0,Casting a spell temporarily increases the area of effect for all subsequent spells.,0,area_of_effect,Arcane Accumulation,rubick_arcane_accumulation,86,86,Rubick,,,,2
"linear-gradient(to right, rgb(159, 60, 60), rgb(74, 32, 64))",Red,0,Thunder Strike additionally hits all enemies within Kinetic Field.,1,area_of_effect,Thunderstorm,disruptor_thunderstorm,87,87,Disruptor,,,,1
"linear-gradient(to right, rgb(148, 181, 186), rgb(56, 91, 89))",Blue,0,Replaces Kinetic Field with the ability to create impassable walls.,1,fence,Kinetic Fence,disruptor_line_walls,87,87,Disruptor,,,,2
"linear-gradient(to right, rgb(148, 181, 186), rgb(56, 91, 89))",Blue,0,Mind Flare burns a percentage of the target's max mana.,3,nuke,Mana Burn,nyx_assassin_burn_mana,88,88,Nyx Assassin,,,,1
"linear-gradient(to right, rgb(159, 60, 60), rgb(74, 32, 64))",Red,0,"For the first 15s of Vendetta, Nyx is hasted and has unobstructed pathing.",2,speed,Scuttle,nyx_assassin_scuttle,88,88,Nyx Assassin,,,,2
"linear-gradient(to right, rgb(202, 193, 148), rgb(67, 56, 40))",Yellow,0,"Every 6 attacks from Naga and her illusions, enemies around them are damaged and their Armor is reduced.",2,armor_broken,Rip Tide,naga_siren_passive_riptide,89,89,Naga Siren,,,,1
"linear-gradient(to right, rgb(162, 178, 62), rgb(45, 90, 24))",Green,0,"Naga Siren can create a splash around herself and her illusions, damaging enemies and reducing their Status Resistance.",2,nuke,Deluge,naga_siren_active_riptide,89,89,Naga Siren,,,,2
"linear-gradient(to right, rgb(148, 181, 186), rgb(56, 91, 89))",Blue,0,Starstorm's second meteor deals more damage and blinds the target.,1,no_vision,Starstruck,mirana_starstruck,9,9,Mirana,,,,1
"linear-gradient(to right, rgb(173, 182, 190), rgb(78, 85, 87))",Gray,0,"Upon landing, Leap roots targets in a 250 radius for 1.1 =1.4 =1.7 =2.0s.",3,slow,Leaps and Bounds,mirana_leaps_and_bounds,9,9,Mirana,,,,2
"linear-gradient(to right, rgb(202, 193, 148), rgb(67, 56, 40))",Yellow,0,Grants the Solar Bind ability while active.,1,slow,Solar Bind,keeper_of_the_light_facet_solar_bind,90,90,Keeper of the Light,,,,1
"linear-gradient(to right, rgb(173, 182, 190), rgb(78, 85, 87))",Gray,0,"After a short delay, teleports the targeted friendly hero to your location. If the targeted friendly hero takes player based damage during this time, the ability is interrupted. When cast, the teleport target's movement speed is increased. Upon teleporting, Chakra Magic and the increased movement speed buff are applied to both Keeper of the Light and the teleport target.

 If alt-cast, teleports Keeper of the Light to the target Ally instead. 

 Ability Level increases with levels of Spirit Form.",3,teleport,Recall,keeper_of_the_light_facet_recall,90,90,Keeper of the Light,,,,2
"linear-gradient(to right, rgb(148, 181, 186), rgb(56, 91, 89))",Blue,0,Overcharge grants attack speed and spell amplification to Io and any Tethered allies.,3,damage,Kritzkrieg,wisp_kritzkrieg,91,91,Io,,,,1
"linear-gradient(to right, rgb(173, 182, 190), rgb(78, 85, 87))",Gray,0,Overcharge grants armor and magic resistance to Io and any Tethered allies.,3,armor,Medigun,wisp_medigun,91,91,Io,,,,2
"linear-gradient(to right, rgb(173, 182, 190), rgb(78, 85, 87))",Gray,0,Grave Chill also affects units around the target. Visage can also recall his familiars.,0,area_of_effect,Sepulchre,visage_sepulchre,92,92,Visage,,,,1
"linear-gradient(to right, rgb(148, 181, 186), rgb(56, 91, 89))",Blue,0,Familiars automatically move with Visage and attack his targets.,2,summons,Faithful Followers,visage_faithful_followers,92,92,Visage,,,,2
"linear-gradient(to right, rgb(202, 193, 148), rgb(67, 56, 40))",Yellow,0,Soul Assumption kills give bonus gold. Visage can also recall his familiars.,0,gold,Death Toll,visage_gold_assumption,92,92,Visage,,,,3
"linear-gradient(to right, rgb(162, 178, 62), rgb(45, 90, 24))",Green,0,Pounce applies stacks of Essence Shift when striking enemy heroes.,2,agility,Leeching Leash,slark_leeching_leash,93,93,Slark,,,,1
"linear-gradient(to right, rgb(148, 181, 186), rgb(56, 91, 89))",Blue,0,Barracuda lingers after being revealed to the enemy if Slark is not nearby allied heroes. Slark's attacks reduce the target's armor while Slark is under the effects of Barracuda.,2,cooldown,Dark Reef Renegade,slark_dark_reef_renegade,93,93,Slark,,,,2
"linear-gradient(to right, rgb(162, 178, 62), rgb(45, 90, 24))",Green,0,Mystic Snake grants Medusa attack damage.,1,snake,Engorged,medusa_engorged,94,94,Medusa,,,,1
"linear-gradient(to right, rgb(202, 193, 148), rgb(67, 56, 40))",Yellow,0,"Every 5 attacks, Medusa applies poison to her arrow that briefly reduces movement speed, attack speed, and cast speed.",2,slow,Venomous Volley,medusa_slow_attacks,94,94,Medusa,,,,2
"linear-gradient(to right, rgb(159, 60, 60), rgb(74, 32, 64))",Red,0,Medusa's movement speed is fixed at 310 (465 during Stone Gaze). Medusa is unslowable and does not benefit from movement speed increases.,0,speed,Undulation,medusa_undulation,94,94,Medusa,,,,3
"linear-gradient(to right, rgb(148, 181, 186), rgb(56, 91, 89))",Blue,0,Fervor grants armor per stack while in melee form.,2,armor,Insensitive,troll_warlord_insensitive,95,95,Troll Warlord,,,,1
"linear-gradient(to right, rgb(159, 60, 60), rgb(74, 32, 64))",Red,0,"During Battle Trance, Troll Warlord has increased max Fervor stacks and no attack speed limit. Battle Trance grants allied heroes 50% of the attack speed bonus. ",1,damage,Bad Influence,troll_warlord_bad_influence,95,95,Troll Warlord,,,,2
"linear-gradient(to right, rgb(159, 60, 60), rgb(74, 32, 64))",Red,0,Double Edge damage is increased when Centaur is attacked.,1,nuke,Counter-Strike,centaur_counter_strike,96,96,Centaur Warrunner,,,,1
"linear-gradient(to right, rgb(173, 182, 190), rgb(78, 85, 87))",Gray,0,Centaur Warrunner gains Movement Speed based on his Strength.,3,speed,Horsepower,centaur_horsepower,96,96,Centaur Warrunner,,,,2
"linear-gradient(to right, rgb(173, 182, 190), rgb(78, 85, 87))",Gray,0,Empower is always on Magnus. Each subsequent attack increases its power.,1,empower,Eternal Empowerment,magnataur_eternal_empowerment,97,97,Magnus,,,,1
"linear-gradient(to right, rgb(148, 181, 186), rgb(56, 91, 89))",Blue,0,Increases the max level of Shockwave. Level 5 Shockwave causes it to return towards Magnus's location.,2,ricochet,Diminishing Return,magnataur_diminishing_return,97,97,Magnus,,,,2
"linear-gradient(to right, rgb(162, 178, 62), rgb(45, 90, 24))",Green,0,Timber Chain splinters the tree into all directions around Timbersaw.,0,tree,Shredder,shredder_shredder,98,98,Timbersaw,,,,1
"linear-gradient(to right, rgb(159, 60, 60), rgb(74, 32, 64))",Red,0,"Launches a second independent Chakram that follows a curved path and returns to Timbersaw, damaging and slowing enemies it passes through. Enemies caught in the saw blade will move more slowly for every 5% of health missing.",1,spinning,Twisted Chakram,shredder_second_chakram,98,98,Timbersaw,,,,2
"linear-gradient(to right, rgb(162, 178, 62), rgb(45, 90, 24))",Green,0,Bristleback now fires Viscous Nasal Goo instead of Quills when damaged. Viscous Nasal Goo effects are stronger.,0,snot,Snot Rocket,bristleback_snot_rocket,99,99,Bristleback,,,,1
"linear-gradient(to right, rgb(159, 60, 60), rgb(74, 32, 64))",Red,0,"Warpath can be activated to gain extra bonuses. While Seeing Red, Bristleback's vision is limited and he does not receive vision from his allies.",0,no_vision,Seeing Red,bristleback_seeing_red,99,99,Bristleback,,,,2
