hero_id,Hero,Facet,Matches,Win Rate,Role,facet_number
3,Bane,DREAM STALKER,42,73.8,pos 1,1
30,Witch Doctor,HEADHUNTER,14,50.0,pos 1,1
33,Enigma,EVENT HORIZON,14,35.7,pos 1,1
62,Bounty Hunter,THROUGH AND THROUGH,11,18.2,pos 1,1
68,Ancient Apparition,BONE CHILL,19,42.1,pos 1,1
86,Rubick,FRUGAL FILCH,6,0.0,pos 1,1
88,Nyx Assassin,MANA BURN,9,22.2,pos 1,1
101,Skywrath Mage,SHIELD OF THE SCION,5,0.0,pos 1,1
112,Winter Wyvern,RECURSIVE,31,32.3,pos 1,2
131,Ringmaster,CARNY CLASSICS,6,16.7,pos 1,1
2,Axe,CALL OUT,18,61.1,pos 1,2
75,Silencer,IRREPRESSIBLE,18,27.8,pos 1,1
52,Leshrac,MISANTHROPY,113,48.7,pos 1,2
64,Jakiro,ICE BREAKER,25,16.0,pos 1,2
36,Necrophos,PROFANE POTENCY,79,32.9,pos 1,1
92,Visage,SEPULCHRE,39,46.2,pos 1,1
74,Invoker,AGENT OF GALLARON,31,32.3,pos 1,3
35,Sniper,SCATTERSHOT,65,46.2,pos 1,2
113,Arc Warden,RUNED REPLICA,79,45.6,pos 1,1
99,Bristleback,SNOT ROCKET,565,50.3,pos 1,1
43,Death Prophet,SPIRIT COLLECTOR,30,33.3,pos 1,1
39,Queen of Pain,MASOCHIST,27,40.7,pos 1,1
48,Luna,MOONSHIELD,1533,48.7,pos 1,1
82,Meepo,CODEPENDENT,307,58.3,pos 1,2
46,Templar Assassin,VOIDBLADES,951,43.0,pos 1,1
9,Mirana,STARSTRUCK,104,43.3,pos 1,1
69,Doom,GLUTTONY,37,32.4,pos 1,1
126,Void Spirit,CALL OF THE VOID,5,60.0,pos 1,2
12,Phantom Lancer,DIVERGENCE,281,43.8,pos 1,1
28,Slardar,LEG DAY,193,59.1,pos 1,1
98,Timbersaw,TWISTED CHAKRAM,18,38.9,pos 1,2
94,Medusa,VENOMOUS VOLLEY,1877,50.3,pos 1,2
63,Weaver,HIVEMIND,112,41.1,pos 1,2
42,Wraith King,SPECTRAL BLADE,466,41.4,pos 1,2
53,Nature's Prophet,IRONWOOD TREANT,10260,54.1,pos 1,2
81,Chaos Knight,FUNDAMENTAL FORGING,581,44.4,pos 1,2
93,Slark,LEECHING LEASH,9205,52.8,pos 1,1
102,Abaddon,THE QUICKENING,126,55.6,pos 1,1
32,Riki,CONTRACT KILLER,78,46.2,pos 1,1
73,Alchemist,SEED MONEY,1301,49.3,pos 1,1
73,Alchemist,MIXOLOGIST,135,57.0,pos 1,2
81,Chaos Knight,CLOVEN CHAOS,41,46.3,pos 1,3
94,Medusa,ENGORGED,148,52.7,pos 1,1
11,Shadow Fiend,SHADOWMIRE,27,37.0,pos 1,2
29,Tidehunter,KRAKEN SWELL,77,50.6,pos 1,1
10,Morphling,FLOW,67,44.8,pos 1,2
145,Kez,FLUTTER,1167,46.9,pos 1,1
5,Crystal Maiden,GLACIAL GUARD,18,27.8,pos 1,1
7,Earthshaker,SLUGGER,130,47.7,pos 1,2
13,Puck,CURVEBALL,0,0.0,pos 1,2
17,Storm Spirit,SHOCK COLLAR,4,25.0,pos 1,1
20,Vengeful Spirit,AVENGING MISSILE,1,100.0,pos 1,1
22,Zeus,LIVEWIRE,30,23.3,pos 1,1
23,Kunkka,HIGH TIDE,9,22.2,pos 1,1
25,Lina,THERMAL RUNAWAY,259,42.9,pos 1,1
26,Lion,FIST OF DEATH,3,33.3,pos 1,2
27,Shadow Shaman,MASSIVE SERPENT WARD,1,0.0,pos 1,2
31,Lich,GROWING COLD,0,0.0,pos 1,2
34,Tinker,REPAIR BOTS,9,55.6,pos 1,1
45,Pugna,REWARDS OF RUIN,0,0.0,pos 1,2
50,Dazzle,POISON BLOOM,702,58.0,pos 1,2
51,Clockwerk,EXPANDED ARMATURE,7,42.9,pos 1,2
55,Dark Seer,HEART OF BATTLE,1,0.0,pos 1,2
57,Omniknight,HEALING HAMMER,1,0.0,pos 1,2
65,Batrider,STOKED,2,100.0,pos 1,1
66,Chen,HELLBEAR CONVERT,0,0.0,pos 1,2
66,Chen,SATYR CONVERT,1,0.0,pos 1,4
71,Spirit Breaker,BULL RUSH,10,0.0,pos 1,1
74,Invoker,SCHOLAR OF KORYX,0,0.0,pos 1,1
76,Outworld Devourer,OVERWHELMING DEVOURER,10,60.0,pos 1,2
79,Shadow Demon,PROMULGATE,14,14.3,pos 1,1
83,Treant Protector,SAPLING,1,0.0,pos 1,2
85,Undying,RIPPED,2,0.0,pos 1,2
87,Disruptor,KINETIC FENCE,0,0.0,pos 1,2
89,Naga Siren,RIP TIDE,590,45.1,pos 1,1
90,Keeper of the Light,SOLAR BIND,10,20.0,pos 1,1
91,Io,MEDIGUN,2,0.0,pos 1,2
96,Centaur Warrunner,HORSEPOWER,4,50.0,pos 1,2
100,Tusk,DRINKING BUDDIES,1,0.0,pos 1,2
103,Elder Titan,DECONSTRUCTION,21,38.1,pos 1,1
105,Techies,SPLEEN'S SECRET SAUCE,3,0.0,pos 1,2
107,Earth Spirit,STEPPING STONE,0,0.0,pos 1,2
108,Underlord,ABYSSAL HORDE,5,40.0,pos 1,2
111,Oracle,CLAIRVOYANT CURE,4,0.0,pos 1,2
120,Pangolier,DOUBLE JUMP,19,36.8,pos 1,1
121,Grimstroke,FINE ART,4,0.0,pos 1,2
128,Snapfire,FULL BORE,3,0.0,pos 1,2
129,Mars,BLOOD SPORT,14,35.7,pos 1,2
135,Dawnbreaker,TRAILBLAZER,1,0.0,pos 1,3
145,Kez,SHADOWHAWK,246,42.7,pos 1,2
10,Morphling,EBB,8863,52.2,pos 1,1
29,Tidehunter,KRILL EATER,357,48.7,pos 1,2
11,Shadow Fiend,LASTING PRESENCE,596,48.2,pos 1,1
18,Sven,HEAVY PLATE,82,59.8,pos 1,1
38,Beastmaster,WILD HUNT,11,18.2,pos 1,1
41,Faceless Void,TIME ZONE,412,51.5,pos 1,2
95,Troll Warlord,BAD INFLUENCE,2381,50.4,pos 1,2
70,Ursa,BEAR DOWN,4800,51.3,pos 1,2
15,Razor,THUNDERHEAD,863,48.3,pos 1,1
8,Juggernaut,BLADEFORM,769,50.8,pos 1,2
109,Terrorblade,SOUL FRAGMENT,453,41.7,pos 1,2
42,Wraith King,BONE GUARD,603,47.4,pos 1,1
63,Weaver,SKITTERSTEP,751,48.5,pos 1,1
81,Chaos Knight,IRRATIONALITY,241,49.4,pos 1,1
1,Anti-Mage,MAGEBANE'S MIRROR,323,41.5,pos 1,1
54,Lifestealer,GORESTORM,273,54.6,pos 1,2
94,Medusa,UNDULATION,703,47.8,pos 1,3
126,Void Spirit,SANCTUARY,61,32.8,pos 1,1
9,Mirana,LEAPS AND BOUNDS,14,42.9,pos 1,2
60,Night Stalker,NIGHT REIGN,233,49.8,pos 1,1
61,Broodmother,FEEDING FRENZY,187,54.0,pos 1,2
82,Meepo,MORE MEEPO,115,59.1,pos 1,1
106,Ember Spirit,CHAIN GANG,13,38.5,pos 1,2
48,Luna,MOONSTORM,450,42.0,pos 1,2
39,Queen of Pain,BONDAGE,32,46.9,pos 1,2
43,Death Prophet,MOURNING RITUAL,13,46.2,pos 1,2
123,Hoodwink,HIPSHOT,3,33.3,pos 1,2
138,Muerta,OFRENDA,418,52.4,pos 1,2
35,Sniper,GHILLIE SUIT,201,50.7,pos 1,1
47,Viper,CAUSTIC BATH,8,37.5,pos 1,2
92,Visage,DEATH TOLL,13,69.2,pos 1,3
80,Lone Druid,BEAR NECESSITIES,44,50.0,pos 1,2
64,Jakiro,TWIN TERROR,83,51.8,pos 1,1
21,Windranger,KILLSHOT,109,37.6,pos 1,2
2,Axe,ONE MAN ARMY,30,33.3,pos 1,1
75,Silencer,REVERBERATING SILENCE,21,28.6,pos 1,2
119,Dark Willow,THROWING SHADE,11,9.1,pos 1,1
135,Dawnbreaker,STARSURGE,76,55.3,pos 1,2
123,Hoodwink,GO NUTS,21,28.6,pos 1,1
16,Sand King,SANDSHROUD,16,50.0,pos 1,1
58,Enchantress,SPELLBOUND,3,0.0,pos 1,2
78,Brewmaster,DRUNKEN MASTER,2,0.0,pos 1,2
108,Underlord,DEMON'S REACH,29,55.2,pos 1,1
137,Primal Beast,PROVOKE THE BEAST,3,66.7,pos 1,1
26,Lion,ESSENCE EATER,15,6.7,pos 1,1
31,Lich,FROSTBOUND,40,62.5,pos 1,1
58,Enchantress,OVERPROTECTIVE WISPS,25,84.0,pos 1,1
65,Batrider,ARSONIST,7,28.6,pos 1,2
83,Treant Protector,PRIMEVAL POWER,51,51.0,pos 1,1
87,Disruptor,THUNDERSTORM,21,14.3,pos 1,1
90,Keeper of the Light,RECALL,7,28.6,pos 1,2
111,Oracle,CLAIRVOYANT CURSE,9,11.1,pos 1,1
120,Pangolier,THUNDERBOLT,17,23.5,pos 1,2
135,Dawnbreaker,SOLAR CHARGED,82,48.8,pos 1,1
37,Warlock,CHAMPION OF GORROTH,30,80.0,pos 1,1
84,Ogre Magi,LEARNING CURVE,18,11.1,pos 1,2
21,Windranger,TANGLED,80,31.3,pos 1,1
104,Legion Commander,STONEHALL PLATE,109,52.3,pos 1,1
80,Lone Druid,BEAR WITH ME,89,44.9,pos 1,1
47,Viper,POISON BURST,31,51.6,pos 1,1
19,Tiny,INSURMOUNTABLE,15219,51.7,pos 1,2
77,Lycan,ALPHA WOLVES,53,30.2,pos 1,3
138,Muerta,DANCE OF THE DEAD,270,50.4,pos 1,1
59,Huskar,INCENDIARY,214,44.9,pos 1,2
44,Phantom Assassin,METHODICAL,12461,47.1,pos 1,1
72,Gyrocopter,SECONDARY STRIKES,1380,50.8,pos 1,1
106,Ember Spirit,DOUBLE IMPACT,219,44.7,pos 1,1
61,Broodmother,NECROTIC WEBS,1382,55.3,pos 1,1
67,Spectre,TWIST THE KNIFE,1884,47.0,pos 1,2
60,Night Stalker,VOIDBRINGER,15,53.3,pos 1,2
56,Clinkz,SUPPRESSIVE FIRE,653,51.5,pos 1,1
4,Bloodseeker,BLOODRUSH,422,46.0,pos 1,2
54,Lifestealer,FLESHFEAST,14189,52.8,pos 1,1
1,Anti-Mage,MANA THIRST,3458,49.6,pos 1,2
49,Dragon Knight,FIRE DRAGON,5705,53.4,pos 1,1
114,Monkey King,WUKONG'S FAITHFUL,1459,54.1,pos 1,1
6,Drow Ranger,VANTAGE POINT,1092,44.0,pos 1,1
109,Terrorblade,CONDEMNED,6200,49.9,pos 1,1
8,Juggernaut,BLADESTORM,1530,47.5,pos 1,1
15,Razor,DYNAMO,119,48.7,pos 1,2
70,Ursa,GRUDGE BEARER,1648,49.0,pos 1,1
95,Troll Warlord,INSENSITIVE,412,42.0,pos 1,1
41,Faceless Void,CHRONOSPHERE,1214,48.2,pos 1,1
14,Pudge,FRESH MEAT,101,46.5,pos 1,1
38,Beastmaster,BEAST MODE,512,46.7,pos 1,2
136,Marci,FLEETING FURY,2614,50.5,pos 1,3
18,Sven,WRATH OF GOD,4772,48.3,pos 1,2
46,Templar Assassin,REFRACTOR,109,40.4,pos 1,2
97,Magnus,DIMINISHING RETURN,75,48.0,pos 1,2
40,Venomancer,PLAGUE CARRIER,1352,38.5,pos 1,2
3,Bane,SLEEPWALK,0,0.0,pos 1,2
7,Earthshaker,TECTONIC BUILDUP,2,100.0,pos 1,1
13,Puck,JOSTLING RIFT,5,60.0,pos 1,1
16,Sand King,DUST DEVIL,2,50.0,pos 1,2
17,Storm Spirit,STATIC SLIDE,43,30.2,pos 1,2
20,Vengeful Spirit,SOUL STRIKE,77,44.2,pos 1,2
22,Zeus,DIVINE RAMPAGE,1,100.0,pos 1,2
23,Kunkka,GROG BLOSSOM,1,0.0,pos 1,2
25,Lina,SLOW BURN,5,40.0,pos 1,2
27,Shadow Shaman,CHICKEN FINGERS,28,25.0,pos 1,1
30,Witch Doctor,CLEFT DEATH,1,100.0,pos 1,2
33,Enigma,SPLITTING IMAGE,27,48.1,pos 1,2
34,Tinker,TRANSLOCATOR,19,52.6,pos 1,2
50,Dazzle,NOTHL BOON,6,16.7,pos 1,1
51,Clockwerk,HOOKUP,0,0.0,pos 1,1
55,Dark Seer,QUICK WIT,27,29.6,pos 1,1
57,Omniknight,OMNIPRESENT,6,33.3,pos 1,1
62,Bounty Hunter,CUTPURSE,2,50.0,pos 1,2
66,Chen,CENTAUR CONVERT,14,78.6,pos 1,1
66,Chen,TROLL CONVERT,1,0.0,pos 1,3
69,Doom,DEVIL'S BARGAIN,49,44.9,pos 1,2
71,Spirit Breaker,BULL'S HIT,7,42.9,pos 1,2
76,Outworld Devourer,OBSIDIAN DECIMATOR,64,45.3,pos 1,1
78,Brewmaster,ROLL OUT THE BARREL,1,0.0,pos 1,1
79,Shadow Demon,SHADOW SERVANT,1,0.0,pos 1,2
85,Undying,ROTTING MITTS,33,69.7,pos 1,1
86,Rubick,ARCANE ACCUMULATION,6,16.7,pos 1,2
88,Nyx Assassin,SCUTTLE,3,0.0,pos 1,2
89,Naga Siren,DELUGE,5,60.0,pos 1,2
91,Io,KRITZKRIEG,39,56.4,pos 1,1
92,Visage,FAITHFUL FOLLOWERS,0,0.0,pos 1,2
100,Tusk,TAG TEAM,24,25.0,pos 1,1
101,Skywrath Mage,STAFF OF THE SCION,1,0.0,pos 1,2
103,Elder Titan,MOMENTUM,4,75.0,pos 1,2
107,Earth Spirit,RESONANCE,2,0.0,pos 1,1
107,Earth Spirit,READY TO ROLL,0,0.0,pos 1,3
110,Phoenix,HOTSPOT,0,0.0,pos 1,2
112,Winter Wyvern,WINTERPROOF,6,33.3,pos 1,1
121,Grimstroke,INKSTIGATE,5,40.0,pos 1,1
128,Snapfire,RICOCHET II,42,66.7,pos 1,1
129,Mars,VICTORY FEAST,12,50.0,pos 1,1
131,Ringmaster,SIDESHOW SECRETS,1,0.0,pos 1,2
137,Primal Beast,FEROCITY,4,25.0,pos 1,2
40,Venomancer,PATIENT ZERO,7,57.1,pos 1,1
97,Magnus,ETERNAL EMPOWERMENT,5038,48.6,pos 1,1
136,Marci,PICK-ME-UP,40,37.5,pos 1,2
136,Marci,BUDDY SYSTEM,208,61.5,pos 1,1
49,Dragon Knight,CORROSIVE DRAGON,147,44.9,pos 1,2
14,Pudge,ROTTEN CORE,1454,45.9,pos 1,2
32,Riki,EXTERMINATOR,1906,49.6,pos 1,2
102,Abaddon,MEPHITIC SHROUD,1361,52.8,pos 1,2
93,Slark,DARK REEF RENEGADE,1040,51.8,pos 1,2
49,Dragon Knight,FROST DRAGON,635,52.4,pos 1,3
53,Nature's Prophet,SOOTHING SAPLINGS,67,53.7,pos 1,1
73,Alchemist,DIVIDENDS,130,46.2,pos 1,3
6,Drow Ranger,SIDESTEP,1795,49.0,pos 1,2
114,Monkey King,SIMIAN STRIDE,2202,46.6,pos 1,2
98,Timbersaw,SHREDDER,31,48.4,pos 1,1
28,Slardar,BRINEGUARD,28,35.7,pos 1,2
12,Phantom Lancer,LANCELOT,1267,42.6,pos 1,2
4,Bloodseeker,ARTERIAL SPRAY,1615,48.6,pos 1,1
56,Clinkz,ENGULFING STEP,509,51.5,pos 1,2
69,Doom,IMPENDING DOOM,4,25.0,pos 1,3
67,Spectre,FORSAKEN,260,33.5,pos 1,1
46,Templar Assassin,HIDDEN REACH,52,44.2,pos 1,3
77,Lycan,PACK LEADER,8,25.0,pos 1,1
77,Lycan,SPIRIT WOLVES,25,32.0,pos 1,2
72,Gyrocopter,AFTERBURNER,884,49.0,pos 1,2
44,Phantom Assassin,SWEET RELEASE,1406,47.9,pos 1,2
59,Huskar,CAUTERIZE,187,46.5,pos 1,1
99,Bristleback,SEEING RED,296,40.2,pos 1,2
113,Arc Warden,POWER CAPTURE,29,34.5,pos 1,2
19,Tiny,CRASH LANDING,550,42.7,pos 1,1
74,Invoker,MIND OF TORNARUS,4,0.0,pos 1,2
105,Techies,SPOON'S STASH,2,0.0,pos 1,3
36,Necrophos,RAPID DECAY,79,46.8,pos 1,2
104,Legion Commander,SPOILS OF WAR,40,42.5,pos 1,2
52,Leshrac,CHRONOPTIC NOURISHMENT,57,45.6,pos 1,1
37,Warlock,BLACK GRIMOIRE,21,9.5,pos 1,2
84,Ogre Magi,FAT CHANCE,14,35.7,pos 1,1
119,Dark Willow,SHATTERING CROWN,3,33.3,pos 1,2
105,Techies,SQUEE'S SCOPE,7,14.3,pos 1,1
5,Crystal Maiden,ARCANE OVERFLOW,6,16.7,pos 1,2
45,Pugna,SIPHONING WARD,22,13.6,pos 1,1
68,Ancient Apparition,EXPOSURE,4,0.0,pos 1,2
96,Centaur Warrunner,COUNTER-STRIKE,2,50.0,pos 1,1
110,Phoenix,DYING LIGHT,15,33.3,pos 1,1
20,Vengeful Spirit,SOUL STRIKE,83,49.4,pos 2,2
68,Ancient Apparition,EXPOSURE,30,43.3,pos 2,2
78,Brewmaster,ROLL OUT THE BARREL,11,54.5,pos 2,1
87,Disruptor,THUNDERSTORM,13,46.2,pos 2,1
44,Phantom Assassin,SWEET RELEASE,14,42.9,pos 2,2
33,Enigma,EVENT HORIZON,50,74.0,pos 2,1
31,Lich,GROWING COLD,1,0.0,pos 2,2
42,Wraith King,SPECTRAL BLADE,5,20.0,pos 2,2
135,Dawnbreaker,SOLAR CHARGED,348,49.1,pos 2,1
102,Abaddon,THE QUICKENING,12,41.7,pos 2,1
19,Tiny,INSURMOUNTABLE,817,49.4,pos 2,2
29,Tidehunter,KRILL EATER,129,50.4,pos 2,2
26,Lion,ESSENCE EATER,8,12.5,pos 2,1
119,Dark Willow,THROWING SHADE,77,46.8,pos 2,1
38,Beastmaster,BEAST MODE,293,55.6,pos 2,2
62,Bounty Hunter,THROUGH AND THROUGH,199,45.2,pos 2,1
16,Sand King,DUST DEVIL,50,34.0,pos 2,2
73,Alchemist,MIXOLOGIST,41,53.7,pos 2,2
43,Death Prophet,SPIRIT COLLECTOR,1073,48.4,pos 2,1
84,Ogre Magi,FAT CHANCE,19,63.2,pos 2,1
70,Ursa,BEAR DOWN,88,51.1,pos 2,2
65,Batrider,STOKED,268,49.3,pos 2,1
74,Invoker,AGENT OF GALLARON,10230,50.4,pos 2,3
36,Necrophos,PROFANE POTENCY,1216,47.9,pos 2,1
71,Spirit Breaker,BULL RUSH,80,60.0,pos 2,1
93,Slark,DARK REEF RENEGADE,25,56.0,pos 2,2
25,Lina,THERMAL RUNAWAY,1636,42.7,pos 2,1
4,Bloodseeker,ARTERIAL SPRAY,69,49.3,pos 2,1
113,Arc Warden,POWER CAPTURE,869,48.3,pos 2,2
77,Lycan,PACK LEADER,103,55.3,pos 2,1
6,Drow Ranger,VANTAGE POINT,88,40.9,pos 2,1
86,Rubick,FRUGAL FILCH,312,47.4,pos 2,1
114,Monkey King,WUKONG'S FAITHFUL,1956,56.8,pos 2,1
10,Morphling,FLOW,257,28.8,pos 2,2
15,Razor,DYNAMO,133,47.4,pos 2,2
107,Earth Spirit,RESONANCE,450,46.9,pos 2,1
145,Kez,FLUTTER,1195,47.9,pos 2,1
23,Kunkka,HIGH TIDE,484,51.0,pos 2,1
73,Alchemist,SEED MONEY,196,36.7,pos 2,1
64,Jakiro,TWIN TERROR,304,44.4,pos 2,1
60,Night Stalker,VOIDBRINGER,26,38.5,pos 2,2
22,Zeus,DIVINE RAMPAGE,361,47.4,pos 2,2
39,Queen of Pain,MASOCHIST,9600,49.0,pos 2,1
13,Puck,JOSTLING RIFT,7931,51.0,pos 2,1
126,Void Spirit,SANCTUARY,1212,47.8,pos 2,1
17,Storm Spirit,SHOCK COLLAR,495,47.5,pos 2,1
82,Meepo,CODEPENDENT,616,60.2,pos 2,2
107,Earth Spirit,STEPPING STONE,86,46.5,pos 2,2
7,Earthshaker,TECTONIC BUILDUP,20,35.0,pos 2,1
32,Riki,EXTERMINATOR,459,49.0,pos 2,2
2,Axe,CALL OUT,11,45.5,pos 2,2
3,Bane,SLEEPWALK,8,37.5,pos 2,2
8,Juggernaut,BLADESTORM,8,12.5,pos 2,1
9,Mirana,STARSTRUCK,396,40.9,pos 2,1
18,Sven,HEAVY PLATE,3,33.3,pos 2,1
30,Witch Doctor,HEADHUNTER,14,14.3,pos 2,1
37,Warlock,CHAMPION OF GORROTH,4,0.0,pos 2,1
48,Luna,MOONSHIELD,5,20.0,pos 2,1
51,Clockwerk,EXPANDED ARMATURE,21,28.6,pos 2,2
54,Lifestealer,GORESTORM,3,33.3,pos 2,2
55,Dark Seer,HEART OF BATTLE,4,50.0,pos 2,2
57,Omniknight,HEALING HAMMER,0,0.0,pos 2,2
66,Chen,CENTAUR CONVERT,0,0.0,pos 2,1
66,Chen,TROLL CONVERT,0,0.0,pos 2,3
77,Lycan,SPIRIT WOLVES,4,75.0,pos 2,2
81,Chaos Knight,IRRATIONALITY,15,33.3,pos 2,1
83,Treant Protector,SAPLING,0,0.0,pos 2,2
85,Undying,RIPPED,2,0.0,pos 2,2
89,Naga Siren,DELUGE,2,50.0,pos 2,2
90,Keeper of the Light,RECALL,5,20.0,pos 2,2
92,Visage,FAITHFUL FOLLOWERS,2,50.0,pos 2,2
96,Centaur Warrunner,HORSEPOWER,6,33.3,pos 2,2
101,Skywrath Mage,STAFF OF THE SCION,17,35.3,pos 2,2
103,Elder Titan,MOMENTUM,4,25.0,pos 2,2
109,Terrorblade,CONDEMNED,30,23.3,pos 2,1
111,Oracle,CLAIRVOYANT CURSE,72,50.0,pos 2,1
128,Snapfire,RICOCHET II,62,33.9,pos 2,1
131,Ringmaster,CARNY CLASSICS,10,10.0,pos 2,1
21,Windranger,TANGLED,244,35.2,pos 2,1
11,Shadow Fiend,SHADOWMIRE,1399,46.3,pos 2,2
50,Dazzle,POISON BLOOM,3044,55.4,pos 2,2
59,Huskar,INCENDIARY,4232,52.7,pos 2,2
53,Nature's Prophet,SOOTHING SAPLINGS,160,48.1,pos 2,1
35,Sniper,SCATTERSHOT,2116,48.8,pos 2,2
136,Marci,PICK-ME-UP,55,43.6,pos 2,2
39,Queen of Pain,BONDAGE,1619,51.0,pos 2,2
22,Zeus,LIVEWIRE,905,46.4,pos 2,1
104,Legion Commander,SPOILS OF WAR,49,46.9,pos 2,2
136,Marci,FLEETING FURY,1698,47.9,pos 2,3
112,Winter Wyvern,WINTERPROOF,18,38.9,pos 2,1
23,Kunkka,GROG BLOSSOM,276,60.9,pos 2,2
49,Dragon Knight,FROST DRAGON,310,46.8,pos 2,3
110,Phoenix,HOTSPOT,21,28.6,pos 2,2
15,Razor,THUNDERHEAD,756,52.2,pos 2,1
107,Earth Spirit,READY TO ROLL,18,66.7,pos 2,3
49,Dragon Knight,CORROSIVE DRAGON,882,51.0,pos 2,2
74,Invoker,MIND OF TORNARUS,215,49.8,pos 2,2
28,Slardar,BRINEGUARD,214,56.1,pos 2,2
74,Invoker,SCHOLAR OF KORYX,159,44.0,pos 2,1
121,Grimstroke,INKSTIGATE,6,0.0,pos 2,1
77,Lycan,ALPHA WOLVES,90,47.8,pos 2,3
113,Arc Warden,RUNED REPLICA,407,48.4,pos 2,1
4,Bloodseeker,BLOODRUSH,4,50.0,pos 2,2
25,Lina,SLOW BURN,160,50.0,pos 2,2
88,Nyx Assassin,MANA BURN,13,30.8,pos 2,1
71,Spirit Breaker,BULL'S HIT,40,32.5,pos 2,2
36,Necrophos,RAPID DECAY,923,44.9,pos 2,2
1,Anti-Mage,MANA THIRST,137,49.6,pos 2,2
98,Timbersaw,TWISTED CHAKRAM,616,45.5,pos 2,2
84,Ogre Magi,LEARNING CURVE,87,44.8,pos 2,2
43,Death Prophet,MOURNING RITUAL,400,47.8,pos 2,2
40,Venomancer,PATIENT ZERO,6,33.3,pos 2,1
16,Sand King,SANDSHROUD,298,47.0,pos 2,1
62,Bounty Hunter,CUTPURSE,16,12.5,pos 2,2
38,Beastmaster,WILD HUNT,45,48.9,pos 2,1
26,Lion,FIST OF DEATH,103,51.5,pos 2,2
95,Troll Warlord,BAD INFLUENCE,24,50.0,pos 2,2
99,Bristleback,SNOT ROCKET,163,52.1,pos 2,1
19,Tiny,CRASH LANDING,3070,50.4,pos 2,1
27,Shadow Shaman,MASSIVE SERPENT WARD,5,40.0,pos 2,2
102,Abaddon,MEPHITIC SHROUD,84,47.6,pos 2,2
92,Visage,DEATH TOLL,135,48.9,pos 2,3
105,Techies,SPOON'S STASH,14,50.0,pos 2,3
27,Shadow Shaman,CHICKEN FINGERS,36,30.6,pos 2,1
94,Medusa,UNDULATION,23,52.2,pos 2,3
44,Phantom Assassin,METHODICAL,31,19.4,pos 2,1
2,Axe,ONE MAN ARMY,25,40.0,pos 2,1
18,Sven,WRATH OF GOD,8,62.5,pos 2,2
41,Faceless Void,TIME ZONE,96,50.0,pos 2,2
58,Enchantress,OVERPROTECTIVE WISPS,9,66.7,pos 2,1
68,Ancient Apparition,BONE CHILL,53,41.5,pos 2,1
78,Brewmaster,DRUNKEN MASTER,35,42.9,pos 2,2
81,Chaos Knight,FUNDAMENTAL FORGING,16,43.8,pos 2,2
91,Io,KRITZKRIEG,24,33.3,pos 2,1
58,Enchantress,SPELLBOUND,12,50.0,pos 2,2
72,Gyrocopter,AFTERBURNER,5,80.0,pos 2,2
83,Treant Protector,PRIMEVAL POWER,15,0.0,pos 2,1
94,Medusa,ENGORGED,5,20.0,pos 2,1
67,Spectre,TWIST THE KNIFE,57,43.9,pos 2,2
31,Lich,FROSTBOUND,5,0.0,pos 2,1
42,Wraith King,BONE GUARD,6,66.7,pos 2,1
92,Visage,SEPULCHRE,685,55.2,pos 2,1
100,Tusk,DRINKING BUDDIES,7,28.6,pos 2,2
108,Underlord,DEMON'S REACH,11,81.8,pos 2,1
46,Templar Assassin,VOIDBLADES,506,43.3,pos 2,1
99,Bristleback,SEEING RED,148,41.9,pos 2,2
95,Troll Warlord,INSENSITIVE,8,37.5,pos 2,1
45,Pugna,SIPHONING WARD,144,39.6,pos 2,1
123,Hoodwink,HIPSHOT,14,28.6,pos 2,2
52,Leshrac,MISANTHROPY,8801,52.1,pos 2,2
56,Clinkz,SUPPRESSIVE FIRE,343,53.1,pos 2,1
40,Venomancer,PLAGUE CARRIER,74,31.1,pos 2,2
137,Primal Beast,FEROCITY,922,52.3,pos 2,2
69,Doom,GLUTTONY,84,45.2,pos 2,1
98,Timbersaw,SHREDDER,190,58.4,pos 2,1
1,Anti-Mage,MAGEBANE'S MIRROR,29,55.2,pos 2,1
135,Dawnbreaker,TRAILBLAZER,13,38.5,pos 2,3
47,Viper,POISON BURST,1139,50.4,pos 2,1
88,Nyx Assassin,SCUTTLE,81,49.4,pos 2,2
138,Muerta,OFRENDA,61,26.2,pos 2,2
61,Broodmother,NECROTIC WEBS,1261,49.6,pos 2,1
49,Dragon Knight,FIRE DRAGON,3414,57.3,pos 2,1
75,Silencer,REVERBERATING SILENCE,180,42.8,pos 2,2
80,Lone Druid,BEAR NECESSITIES,50,42.0,pos 2,2
121,Grimstroke,FINE ART,61,57.4,pos 2,2
28,Slardar,LEG DAY,1656,52.7,pos 2,1
120,Pangolier,THUNDERBOLT,4193,48.2,pos 2,2
136,Marci,BUDDY SYSTEM,69,71.0,pos 2,1
106,Ember Spirit,DOUBLE IMPACT,15960,50.9,pos 2,1
110,Phoenix,DYING LIGHT,946,51.8,pos 2,1
76,Outworld Devourer,OVERWHELMING DEVOURER,763,49.7,pos 2,2
129,Mars,BLOOD SPORT,187,49.2,pos 2,2
112,Winter Wyvern,RECURSIVE,170,49.4,pos 2,2
97,Magnus,ETERNAL EMPOWERMENT,1982,50.9,pos 2,1
104,Legion Commander,STONEHALL PLATE,161,46.6,pos 2,1
14,Pudge,FRESH MEAT,326,49.4,pos 2,1
34,Tinker,TRANSLOCATOR,4015,51.5,pos 2,2
35,Sniper,GHILLIE SUIT,2936,49.6,pos 2,1
53,Nature's Prophet,IRONWOOD TREANT,3187,51.3,pos 2,2
59,Huskar,CAUTERIZE,4105,53.9,pos 2,1
50,Dazzle,NOTHL BOON,27,44.4,pos 2,1
69,Doom,IMPENDING DOOM,23,43.5,pos 2,3
11,Shadow Fiend,LASTING PRESENCE,606,42.6,pos 2,1
21,Windranger,KILLSHOT,1231,41.3,pos 2,2
3,Bane,DREAM STALKER,79,34.2,pos 2,1
5,Crystal Maiden,ARCANE OVERFLOW,10,20.0,pos 2,2
8,Juggernaut,BLADEFORM,3,0.0,pos 2,2
9,Mirana,LEAPS AND BOUNDS,15,53.3,pos 2,2
20,Vengeful Spirit,AVENGING MISSILE,8,37.5,pos 2,1
30,Witch Doctor,CLEFT DEATH,0,0.0,pos 2,2
41,Faceless Void,CHRONOSPHERE,10,30.0,pos 2,1
51,Clockwerk,HOOKUP,4,50.0,pos 2,1
54,Lifestealer,FLESHFEAST,30,40.0,pos 2,1
55,Dark Seer,QUICK WIT,91,49.5,pos 2,1
57,Omniknight,OMNIPRESENT,15,40.0,pos 2,1
63,Weaver,HIVEMIND,36,33.3,pos 2,2
66,Chen,HELLBEAR CONVERT,1,0.0,pos 2,2
66,Chen,SATYR CONVERT,1,0.0,pos 2,4
79,Shadow Demon,PROMULGATE,9,33.3,pos 2,1
81,Chaos Knight,CLOVEN CHAOS,1,0.0,pos 2,3
85,Undying,ROTTING MITTS,45,44.4,pos 2,1
87,Disruptor,KINETIC FENCE,1,0.0,pos 2,2
90,Keeper of the Light,SOLAR BIND,1417,51.9,pos 2,1
91,Io,MEDIGUN,0,0.0,pos 2,2
96,Centaur Warrunner,COUNTER-STRIKE,12,50.0,pos 2,1
101,Skywrath Mage,SHIELD OF THE SCION,107,49.5,pos 2,1
103,Elder Titan,DECONSTRUCTION,4,75.0,pos 2,1
105,Techies,SPLEEN'S SECRET SAUCE,28,14.3,pos 2,2
109,Terrorblade,SOUL FRAGMENT,1,0.0,pos 2,2
111,Oracle,CLAIRVOYANT CURE,4,0.0,pos 2,2
128,Snapfire,FULL BORE,19,31.6,pos 2,2
131,Ringmaster,SIDESHOW SECRETS,2,100.0,pos 2,2
32,Riki,CONTRACT KILLER,85,36.5,pos 2,1
7,Earthshaker,SLUGGER,4856,50.5,pos 2,2
82,Meepo,MORE MEEPO,482,51.2,pos 2,1
17,Storm Spirit,STATIC SLIDE,7259,49.1,pos 2,2
126,Void Spirit,CALL OF THE VOID,82,43.9,pos 2,2
13,Puck,CURVEBALL,419,52.3,pos 2,2
34,Tinker,REPAIR BOTS,260,49.2,pos 2,1
14,Pudge,ROTTEN CORE,882,46.7,pos 2,2
60,Night Stalker,NIGHT REIGN,350,53.4,pos 2,1
97,Magnus,DIMINISHING RETURN,1546,50.5,pos 2,2
64,Jakiro,ICE BREAKER,47,21.3,pos 2,2
129,Mars,VICTORY FEAST,71,39.4,pos 2,1
76,Outworld Devourer,OBSIDIAN DECIMATOR,2588,49.5,pos 2,1
145,Kez,SHADOWHAWK,459,44.2,pos 2,2
106,Ember Spirit,CHAIN GANG,1244,52.3,pos 2,2
10,Morphling,EBB,142,37.3,pos 2,1
120,Pangolier,DOUBLE JUMP,942,44.4,pos 2,1
12,Phantom Lancer,DIVERGENCE,4,50.0,pos 2,1
114,Monkey King,SIMIAN STRIDE,2840,47.8,pos 2,2
86,Rubick,ARCANE ACCUMULATION,562,46.6,pos 2,2
6,Drow Ranger,SIDESTEP,33,42.4,pos 2,2
80,Lone Druid,BEAR WITH ME,670,51.6,pos 2,1
75,Silencer,IRREPRESSIBLE,41,34.1,pos 2,1
46,Templar Assassin,HIDDEN REACH,54,27.8,pos 2,3
61,Broodmother,FEEDING FRENZY,495,55.6,pos 2,2
138,Muerta,DANCE OF THE DEAD,109,38.5,pos 2,1
93,Slark,LEECHING LEASH,144,47.9,pos 2,1
47,Viper,CAUSTIC BATH,249,52.2,pos 2,2
46,Templar Assassin,REFRACTOR,262,39.7,pos 2,2
65,Batrider,ARSONIST,104,44.2,pos 2,2
70,Ursa,GRUDGE BEARER,23,65.2,pos 2,1
137,Primal Beast,PROVOKE THE BEAST,280,48.9,pos 2,1
69,Doom,DEVIL'S BARGAIN,59,40.7,pos 2,2
56,Clinkz,ENGULFING STEP,416,50.0,pos 2,2
52,Leshrac,CHRONOPTIC NOURISHMENT,474,48.9,pos 2,1
123,Hoodwink,GO NUTS,28,21.4,pos 2,1
45,Pugna,REWARDS OF RUIN,44,38.6,pos 2,2
73,Alchemist,DIVIDENDS,44,52.3,pos 2,3
119,Dark Willow,SHATTERING CROWN,7,28.6,pos 2,2
29,Tidehunter,KRAKEN SWELL,49,44.9,pos 2,1
94,Medusa,VENOMOUS VOLLEY,31,38.7,pos 2,2
100,Tusk,TAG TEAM,98,45.9,pos 2,1
108,Underlord,ABYSSAL HORDE,19,42.1,pos 2,2
105,Techies,SQUEE'S SCOPE,7,57.1,pos 2,1
135,Dawnbreaker,STARSURGE,133,42.9,pos 2,2
67,Spectre,FORSAKEN,17,23.5,pos 2,1
33,Enigma,SPLITTING IMAGE,80,60.0,pos 2,2
12,Phantom Lancer,LANCELOT,17,35.3,pos 2,2
5,Crystal Maiden,GLACIAL GUARD,6,50.0,pos 2,1
37,Warlock,BLACK GRIMOIRE,8,37.5,pos 2,2
48,Luna,MOONSTORM,5,20.0,pos 2,2
63,Weaver,SKITTERSTEP,55,50.9,pos 2,1
72,Gyrocopter,SECONDARY STRIKES,9,44.4,pos 2,1
79,Shadow Demon,SHADOW SERVANT,3,0.0,pos 2,2
89,Naga Siren,RIP TIDE,17,29.4,pos 2,1
3,Bane,SLEEPWALK,4,25.0,pos 3,2
57,Omniknight,OMNIPRESENT,83,41.0,pos 3,1
79,Shadow Demon,PROMULGATE,21,28.6,pos 3,1
111,Oracle,CLAIRVOYANT CURSE,29,44.8,pos 3,1
74,Invoker,AGENT OF GALLARON,71,32.4,pos 3,3
22,Zeus,LIVEWIRE,120,35.8,pos 3,1
105,Techies,SPLEEN'S SECRET SAUCE,31,45.2,pos 3,2
128,Snapfire,FULL BORE,42,35.7,pos 3,2
4,Bloodseeker,ARTERIAL SPRAY,89,42.7,pos 3,1
71,Spirit Breaker,BULL RUSH,334,45.2,pos 3,1
35,Sniper,GHILLIE SUIT,32,59.4,pos 3,1
67,Spectre,TWIST THE KNIFE,51,41.2,pos 3,2
72,Gyrocopter,SECONDARY STRIKES,23,43.5,pos 3,1
106,Ember Spirit,DOUBLE IMPACT,385,45.2,pos 3,1
63,Weaver,HIVEMIND,194,39.2,pos 3,2
108,Underlord,DEMON'S REACH,631,47.2,pos 3,1
27,Shadow Shaman,CHICKEN FINGERS,63,25.4,pos 3,1
82,Meepo,CODEPENDENT,29,51.7,pos 3,2
126,Void Spirit,CALL OF THE VOID,18,50.0,pos 3,2
64,Jakiro,TWIN TERROR,186,46.2,pos 3,1
49,Dragon Knight,FIRE DRAGON,2179,52.3,pos 3,1
73,Alchemist,DIVIDENDS,191,47.6,pos 3,3
26,Lion,ESSENCE EATER,23,34.8,pos 3,1
97,Magnus,ETERNAL EMPOWERMENT,6192,52.3,pos 3,1
52,Leshrac,MISANTHROPY,293,48.1,pos 3,2
10,Morphling,EBB,59,49.2,pos 3,1
60,Night Stalker,NIGHT REIGN,12000,52.3,pos 3,1
75,Silencer,REVERBERATING SILENCE,182,44.5,pos 3,2
61,Broodmother,NECROTIC WEBS,1193,49.0,pos 3,1
107,Earth Spirit,READY TO ROLL,22,31.8,pos 3,3
41,Faceless Void,TIME ZONE,3598,50.7,pos 3,2
40,Venomancer,PATIENT ZERO,78,29.5,pos 3,1
47,Viper,POISON BURST,600,48.0,pos 3,1
85,Undying,ROTTING MITTS,521,52.0,pos 3,1
59,Huskar,INCENDIARY,279,45.9,pos 3,2
65,Batrider,ARSONIST,84,41.7,pos 3,2
36,Necrophos,RAPID DECAY,907,48.1,pos 3,2
96,Centaur Warrunner,HORSEPOWER,952,48.6,pos 3,2
62,Bounty Hunter,CUTPURSE,29,27.6,pos 3,2
43,Death Prophet,MOURNING RITUAL,354,41.5,pos 3,2
53,Nature's Prophet,SOOTHING SAPLINGS,101,53.5,pos 3,1
112,Winter Wyvern,RECURSIVE,1032,53.4,pos 3,2
69,Doom,DEVIL'S BARGAIN,3029,48.2,pos 3,2
102,Abaddon,MEPHITIC SHROUD,10467,53.2,pos 3,2
32,Riki,EXTERMINATOR,381,46.2,pos 3,2
50,Dazzle,POISON BLOOM,2773,54.7,pos 3,2
69,Doom,IMPENDING DOOM,237,49.4,pos 3,3
98,Timbersaw,SHREDDER,1993,47.3,pos 3,1
15,Razor,THUNDERHEAD,1198,44.5,pos 3,1
21,Windranger,TANGLED,221,43.0,pos 3,1
42,Wraith King,SPECTRAL BLADE,67,40.3,pos 3,2
6,Drow Ranger,SIDESTEP,12,25.0,pos 3,2
8,Juggernaut,BLADEFORM,8,37.5,pos 3,2
9,Mirana,LEAPS AND BOUNDS,13,46.2,pos 3,2
12,Phantom Lancer,DIVERGENCE,5,0.0,pos 3,1
13,Puck,CURVEBALL,3,100.0,pos 3,2
18,Sven,WRATH OF GOD,42,23.8,pos 3,2
30,Witch Doctor,HEADHUNTER,22,18.2,pos 3,1
31,Lich,FROSTBOUND,3,33.3,pos 3,1
37,Warlock,CHAMPION OF GORROTH,3,33.3,pos 3,1
48,Luna,MOONSHIELD,15,53.3,pos 3,1
56,Clinkz,SUPPRESSIVE FIRE,18,16.7,pos 3,1
58,Enchantress,OVERPROTECTIVE WISPS,20,45.0,pos 3,1
66,Chen,CENTAUR CONVERT,1,0.0,pos 3,1
66,Chen,TROLL CONVERT,2,50.0,pos 3,3
68,Ancient Apparition,EXPOSURE,13,61.5,pos 3,2
76,Outworld Devourer,OVERWHELMING DEVOURER,20,50.0,pos 3,2
79,Shadow Demon,SHADOW SERVANT,0,0.0,pos 3,2
83,Treant Protector,SAPLING,1,0.0,pos 3,2
90,Keeper of the Light,RECALL,14,42.9,pos 3,2
91,Io,MEDIGUN,3,0.0,pos 3,2
94,Medusa,ENGORGED,4,50.0,pos 3,1
94,Medusa,UNDULATION,172,51.7,pos 3,3
100,Tusk,TAG TEAM,119,40.3,pos 3,1
101,Skywrath Mage,SHIELD OF THE SCION,15,53.3,pos 3,1
111,Oracle,CLAIRVOYANT CURE,2,0.0,pos 3,2
123,Hoodwink,GO NUTS,45,24.4,pos 3,1
131,Ringmaster,SIDESHOW SECRETS,3,33.3,pos 3,2
42,Wraith King,BONE GUARD,364,45.3,pos 3,1
21,Windranger,KILLSHOT,813,42.3,pos 3,2
15,Razor,DYNAMO,219,46.6,pos 3,2
70,Ursa,BEAR DOWN,106,39.6,pos 3,2
7,Earthshaker,TECTONIC BUILDUP,67,47.8,pos 3,1
50,Dazzle,NOTHL BOON,39,51.3,pos 3,1
32,Riki,CONTRACT KILLER,108,45.4,pos 3,1
102,Abaddon,THE QUICKENING,822,55.5,pos 3,1
136,Marci,PICK-ME-UP,101,46.5,pos 3,2
112,Winter Wyvern,WINTERPROOF,147,55.1,pos 3,1
135,Dawnbreaker,TRAILBLAZER,198,51.0,pos 3,3
53,Nature's Prophet,IRONWOOD TREANT,2091,50.8,pos 3,2
43,Death Prophet,SPIRIT COLLECTOR,674,47.9,pos 3,1
62,Bounty Hunter,THROUGH AND THROUGH,277,40.4,pos 3,1
96,Centaur Warrunner,COUNTER-STRIKE,452,48.5,pos 3,1
36,Necrophos,PROFANE POTENCY,450,47.6,pos 3,1
65,Batrider,STOKED,108,44.4,pos 3,1
93,Slark,LEECHING LEASH,362,53.6,pos 3,1
103,Elder Titan,MOMENTUM,106,42.5,pos 3,2
85,Undying,RIPPED,22,50.0,pos 3,2
47,Viper,CAUSTIC BATH,198,50.0,pos 3,2
40,Venomancer,PLAGUE CARRIER,257,43.2,pos 3,2
41,Faceless Void,CHRONOSPHERE,59,45.8,pos 3,1
20,Vengeful Spirit,SOUL STRIKE,576,54.9,pos 3,2
61,Broodmother,FEEDING FRENZY,234,44.9,pos 3,2
39,Queen of Pain,MASOCHIST,124,41.1,pos 3,1
60,Night Stalker,VOIDBRINGER,353,50.1,pos 3,2
10,Morphling,FLOW,81,34.6,pos 3,2
52,Leshrac,CHRONOPTIC NOURISHMENT,30,40.0,pos 3,1
97,Magnus,DIMINISHING RETURN,3587,50.2,pos 3,2
74,Invoker,SCHOLAR OF KORYX,9,33.3,pos 3,1
135,Dawnbreaker,STARSURGE,2165,49.3,pos 3,2
137,Primal Beast,PROVOKE THE BEAST,404,36.9,pos 3,1
78,Brewmaster,DRUNKEN MASTER,346,47.1,pos 3,2
27,Shadow Shaman,MASSIVE SERPENT WARD,5,20.0,pos 3,2
82,Meepo,MORE MEEPO,70,38.6,pos 3,1
126,Void Spirit,SANCTUARY,132,43.9,pos 3,1
108,Underlord,ABYSSAL HORDE,1185,48.9,pos 3,2
63,Weaver,SKITTERSTEP,295,47.8,pos 3,1
29,Tidehunter,KRAKEN SWELL,4302,52.6,pos 3,1
5,Crystal Maiden,ARCANE OVERFLOW,5,20.0,pos 3,2
67,Spectre,FORSAKEN,28,21.4,pos 3,1
72,Gyrocopter,AFTERBURNER,23,47.8,pos 3,2
71,Spirit Breaker,BULL'S HIT,236,42.8,pos 3,2
4,Bloodseeker,BLOODRUSH,26,73.1,pos 3,2
17,Storm Spirit,SHOCK COLLAR,8,62.5,pos 3,1
46,Templar Assassin,HIDDEN REACH,7,14.3,pos 3,3
105,Techies,SPOON'S STASH,16,25.0,pos 3,3
128,Snapfire,RICOCHET II,67,47.8,pos 3,1
84,Ogre Magi,LEARNING CURVE,107,44.9,pos 3,2
11,Shadow Fiend,LASTING PRESENCE,10,50.0,pos 3,1
25,Lina,SLOW BURN,4,50.0,pos 3,2
45,Pugna,REWARDS OF RUIN,12,33.3,pos 3,2
90,Keeper of the Light,SOLAR BIND,72,45.8,pos 3,1
101,Skywrath Mage,STAFF OF THE SCION,3,66.7,pos 3,2
138,Muerta,OFRENDA,27,40.7,pos 3,2
45,Pugna,SIPHONING WARD,51,41.2,pos 3,1
68,Ancient Apparition,BONE CHILL,35,20.0,pos 3,1
87,Disruptor,THUNDERSTORM,21,33.3,pos 3,1
138,Muerta,DANCE OF THE DEAD,93,32.3,pos 3,1
84,Ogre Magi,FAT CHANCE,68,39.7,pos 3,1
17,Storm Spirit,STATIC SLIDE,27,29.6,pos 3,2
121,Grimstroke,INKSTIGATE,21,66.7,pos 3,1
19,Tiny,INSURMOUNTABLE,654,46.8,pos 3,2
23,Kunkka,GROG BLOSSOM,162,48.8,pos 3,2
81,Chaos Knight,IRRATIONALITY,130,46.9,pos 3,1
5,Crystal Maiden,GLACIAL GUARD,23,30.4,pos 3,1
44,Phantom Assassin,SWEET RELEASE,25,48.0,pos 3,2
89,Naga Siren,DELUGE,5,20.0,pos 3,2
29,Tidehunter,KRILL EATER,9953,53.4,pos 3,2
77,Lycan,PACK LEADER,206,44.7,pos 3,1
54,Lifestealer,FLESHFEAST,179,46.9,pos 3,1
34,Tinker,REPAIR BOTS,94,41.5,pos 3,1
88,Nyx Assassin,SCUTTLE,64,48.4,pos 3,2
78,Brewmaster,ROLL OUT THE BARREL,210,41.0,pos 3,1
135,Dawnbreaker,SOLAR CHARGED,4523,50.7,pos 3,1
137,Primal Beast,FEROCITY,1208,50.0,pos 3,2
114,Monkey King,WUKONG'S FAITHFUL,387,52.7,pos 3,1
86,Rubick,ARCANE ACCUMULATION,84,46.4,pos 3,2
16,Sand King,SANDSHROUD,1840,42.7,pos 3,1
145,Kez,FLUTTER,400,44.8,pos 3,1
119,Dark Willow,THROWING SHADE,77,53.2,pos 3,1
39,Queen of Pain,BONDAGE,97,51.5,pos 3,2
92,Visage,SEPULCHRE,485,49.9,pos 3,1
107,Earth Spirit,STEPPING STONE,12,33.3,pos 3,2
20,Vengeful Spirit,AVENGING MISSILE,36,61.1,pos 3,1
129,Mars,BLOOD SPORT,4875,49.3,pos 3,2
55,Dark Seer,QUICK WIT,7663,52.6,pos 3,1
33,Enigma,SPLITTING IMAGE,1226,53.2,pos 3,2
103,Elder Titan,DECONSTRUCTION,215,60.0,pos 3,1
93,Slark,DARK REEF RENEGADE,122,40.2,pos 3,2
80,Lone Druid,BEAR WITH ME,169,47.9,pos 3,1
99,Bristleback,SNOT ROCKET,3950,48.8,pos 3,1
51,Clockwerk,EXPANDED ARMATURE,56,39.3,pos 3,2
1,Anti-Mage,MAGEBANE'S MIRROR,48,31.3,pos 3,1
38,Beastmaster,BEAST MODE,4239,50.0,pos 3,2
136,Marci,FLEETING FURY,2632,49.6,pos 3,3
104,Legion Commander,STONEHALL PLATE,3861,49.8,pos 3,1
28,Slardar,LEG DAY,3732,49.8,pos 3,1
109,Terrorblade,SOUL FRAGMENT,169,44.4,pos 3,2
14,Pudge,FRESH MEAT,760,52.1,pos 3,1
2,Axe,CALL OUT,1336,47.5,pos 3,2
7,Earthshaker,SLUGGER,1629,48.9,pos 3,2
70,Ursa,GRUDGE BEARER,72,37.5,pos 3,1
110,Phoenix,DYING LIGHT,1675,49.4,pos 3,1
120,Pangolier,DOUBLE JUMP,1022,48.5,pos 3,1
6,Drow Ranger,VANTAGE POINT,4,0.0,pos 3,1
8,Juggernaut,BLADESTORM,21,33.3,pos 3,1
9,Mirana,STARSTRUCK,232,40.9,pos 3,1
11,Shadow Fiend,SHADOWMIRE,15,20.0,pos 3,2
13,Puck,JOSTLING RIFT,40,55.0,pos 3,1
18,Sven,HEAVY PLATE,16,12.5,pos 3,1
25,Lina,THERMAL RUNAWAY,12,33.3,pos 3,1
30,Witch Doctor,CLEFT DEATH,0,0.0,pos 3,2
31,Lich,GROWING COLD,1,0.0,pos 3,2
46,Templar Assassin,REFRACTOR,0,0.0,pos 3,2
48,Luna,MOONSTORM,7,42.9,pos 3,2
56,Clinkz,ENGULFING STEP,61,42.6,pos 3,2
58,Enchantress,SPELLBOUND,33,36.4,pos 3,2
66,Chen,HELLBEAR CONVERT,0,0.0,pos 3,2
66,Chen,SATYR CONVERT,1,100.0,pos 3,4
76,Outworld Devourer,OBSIDIAN DECIMATOR,73,37.0,pos 3,1
77,Lycan,SPIRIT WOLVES,14,35.7,pos 3,2
83,Treant Protector,PRIMEVAL POWER,22,36.4,pos 3,1
87,Disruptor,KINETIC FENCE,0,0.0,pos 3,2
91,Io,KRITZKRIEG,12,58.3,pos 3,1
92,Visage,FAITHFUL FOLLOWERS,4,50.0,pos 3,2
94,Medusa,VENOMOUS VOLLEY,18,38.9,pos 3,2
95,Troll Warlord,INSENSITIVE,7,42.9,pos 3,1
100,Tusk,DRINKING BUDDIES,7,28.6,pos 3,2
105,Techies,SQUEE'S SCOPE,18,66.7,pos 3,1
113,Arc Warden,POWER CAPTURE,5,0.0,pos 3,2
131,Ringmaster,CARNY CLASSICS,8,62.5,pos 3,1
123,Hoodwink,HIPSHOT,5,40.0,pos 3,2
120,Pangolier,THUNDERBOLT,725,46.5,pos 3,2
110,Phoenix,HOTSPOT,50,44.0,pos 3,2
136,Marci,BUDDY SYSTEM,71,56.3,pos 3,1
98,Timbersaw,TWISTED CHAKRAM,851,42.5,pos 3,2
2,Axe,ONE MAN ARMY,3468,51.9,pos 3,1
14,Pudge,ROTTEN CORE,2525,49.3,pos 3,2
109,Terrorblade,CONDEMNED,1491,46.5,pos 3,1
28,Slardar,BRINEGUARD,577,50.4,pos 3,2
104,Legion Commander,SPOILS OF WAR,1466,52.3,pos 3,2
69,Doom,GLUTTONY,1394,47.9,pos 3,1
81,Chaos Knight,CLOVEN CHAOS,50,36.0,pos 3,3
38,Beastmaster,WILD HUNT,1615,54.4,pos 3,1
1,Anti-Mage,MANA THIRST,199,50.3,pos 3,2
51,Clockwerk,HOOKUP,43,65.1,pos 3,1
99,Bristleback,SEEING RED,1289,42.3,pos 3,2
80,Lone Druid,BEAR NECESSITIES,22,40.9,pos 3,2
73,Alchemist,MIXOLOGIST,36,58.3,pos 3,2
59,Huskar,CAUTERIZE,320,47.2,pos 3,1
49,Dragon Knight,FROST DRAGON,523,44.0,pos 3,3
33,Enigma,EVENT HORIZON,710,54.1,pos 3,1
55,Dark Seer,HEART OF BATTLE,408,50.0,pos 3,2
129,Mars,VICTORY FEAST,2142,50.0,pos 3,1
73,Alchemist,SEED MONEY,134,39.6,pos 3,1
49,Dragon Knight,CORROSIVE DRAGON,434,50.2,pos 3,2
92,Visage,DEATH TOLL,677,49.8,pos 3,3
75,Silencer,IRREPRESSIBLE,27,51.9,pos 3,1
119,Dark Willow,SHATTERING CROWN,20,25.0,pos 3,2
145,Kez,SHADOWHAWK,138,40.6,pos 3,2
16,Sand King,DUST DEVIL,140,43.6,pos 3,2
26,Lion,FIST OF DEATH,13,38.5,pos 3,2
86,Rubick,FRUGAL FILCH,81,48.1,pos 3,1
114,Monkey King,SIMIAN STRIDE,361,52.1,pos 3,2
64,Jakiro,ICE BREAKER,71,42.3,pos 3,2
107,Earth Spirit,RESONANCE,86,48.8,pos 3,1
34,Tinker,TRANSLOCATOR,100,47.0,pos 3,2
88,Nyx Assassin,MANA BURN,29,27.6,pos 3,1
54,Lifestealer,GORESTORM,15,20.0,pos 3,2
77,Lycan,ALPHA WOLVES,380,45.8,pos 3,3
81,Chaos Knight,FUNDAMENTAL FORGING,308,42.2,pos 3,2
106,Ember Spirit,CHAIN GANG,69,43.5,pos 3,2
35,Sniper,SCATTERSHOT,33,42.4,pos 3,2
44,Phantom Assassin,METHODICAL,63,36.5,pos 3,1
89,Naga Siren,RIP TIDE,31,35.5,pos 3,1
23,Kunkka,HIGH TIDE,219,48.9,pos 3,1
19,Tiny,CRASH LANDING,714,49.3,pos 3,1
46,Templar Assassin,VOIDBLADES,16,31.3,pos 3,1
74,Invoker,MIND OF TORNARUS,13,46.2,pos 3,2
121,Grimstroke,FINE ART,11,27.3,pos 3,2
22,Zeus,DIVINE RAMPAGE,16,25.0,pos 3,2
3,Bane,DREAM STALKER,36,55.6,pos 3,1
12,Phantom Lancer,LANCELOT,20,50.0,pos 3,2
37,Warlock,BLACK GRIMOIRE,18,16.7,pos 3,2
57,Omniknight,HEALING HAMMER,5,60.0,pos 3,2
95,Troll Warlord,BAD INFLUENCE,42,54.8,pos 3,2
113,Arc Warden,RUNED REPLICA,11,18.2,pos 3,1
6,Drow Ranger,VANTAGE POINT,11,54.5,pos 4,1
36,Necrophos,RAPID DECAY,27,40.7,pos 4,2
77,Lycan,PACK LEADER,5,60.0,pos 4,1
108,Underlord,DEMON'S REACH,18,83.3,pos 4,1
76,Outworld Devourer,OBSIDIAN DECIMATOR,38,28.9,pos 4,1
38,Beastmaster,WILD HUNT,24,62.5,pos 4,1
66,Chen,SATYR CONVERT,21,61.9,pos 4,4
2,Axe,CALL OUT,25,40.0,pos 4,2
67,Spectre,TWIST THE KNIFE,16,18.8,pos 4,2
80,Lone Druid,BEAR WITH ME,15,20.0,pos 4,1
94,Medusa,VENOMOUS VOLLEY,14,35.7,pos 4,2
104,Legion Commander,SPOILS OF WAR,27,37.0,pos 4,2
120,Pangolier,THUNDERBOLT,39,25.6,pos 4,2
126,Void Spirit,SANCTUARY,31,32.3,pos 4,1
123,Hoodwink,GO NUTS,944,48.0,pos 4,1
74,Invoker,AGENT OF GALLARON,470,41.7,pos 4,3
106,Ember Spirit,DOUBLE IMPACT,128,26.6,pos 4,1
63,Weaver,HIVEMIND,8278,49.9,pos 4,2
44,Phantom Assassin,METHODICAL,54,29.6,pos 4,1
96,Centaur Warrunner,COUNTER-STRIKE,55,65.5,pos 4,1
38,Beastmaster,BEAST MODE,29,24.1,pos 4,2
47,Viper,CAUSTIC BATH,25,40.0,pos 4,2
70,Ursa,BEAR DOWN,34,50.0,pos 4,2
16,Sand King,SANDSHROUD,33,30.3,pos 4,1
76,Outworld Devourer,OVERWHELMING DEVOURER,6,16.7,pos 4,2
121,Grimstroke,INKSTIGATE,469,47.3,pos 4,1
5,Crystal Maiden,GLACIAL GUARD,640,52.8,pos 4,1
40,Venomancer,PATIENT ZERO,377,50.9,pos 4,1
34,Tinker,TRANSLOCATOR,187,48.7,pos 4,2
69,Doom,IMPENDING DOOM,41,46.3,pos 4,3
71,Spirit Breaker,BULL RUSH,4090,53.7,pos 4,1
59,Huskar,INCENDIARY,198,38.9,pos 4,2
98,Timbersaw,TWISTED CHAKRAM,25,28.0,pos 4,2
136,Marci,PICK-ME-UP,3703,46.2,pos 4,2
88,Nyx Assassin,MANA BURN,241,46.1,pos 4,1
105,Techies,SPLEEN'S SECRET SAUCE,1243,43.8,pos 4,2
84,Ogre Magi,FAT CHANCE,63,36.5,pos 4,1
112,Winter Wyvern,RECURSIVE,3797,53.7,pos 4,2
41,Faceless Void,CHRONOSPHERE,14,28.6,pos 4,1
128,Snapfire,FULL BORE,840,50.5,pos 4,2
93,Slark,LEECHING LEASH,353,51.3,pos 4,1
14,Pudge,ROTTEN CORE,2702,47.4,pos 4,2
79,Shadow Demon,SHADOW SERVANT,139,55.4,pos 4,2
9,Mirana,STARSTRUCK,5837,52.4,pos 4,1
65,Batrider,STOKED,993,46.6,pos 4,1
105,Techies,SQUEE'S SCOPE,82,63.4,pos 4,1
21,Windranger,KILLSHOT,3197,45.5,pos 4,2
27,Shadow Shaman,CHICKEN FINGERS,4875,53.6,pos 4,1
52,Leshrac,MISANTHROPY,3735,52.3,pos 4,2
30,Witch Doctor,CLEFT DEATH,43,34.9,pos 4,2
91,Io,KRITZKRIEG,826,50.0,pos 4,1
101,Skywrath Mage,STAFF OF THE SCION,267,49.1,pos 4,2
62,Bounty Hunter,THROUGH AND THROUGH,8811,53.8,pos 4,1
138,Muerta,DANCE OF THE DEAD,8909,49.4,pos 4,1
114,Monkey King,WUKONG'S FAITHFUL,63,27.0,pos 4,1
37,Warlock,BLACK GRIMOIRE,600,45.7,pos 4,2
75,Silencer,REVERBERATING SILENCE,3037,50.8,pos 4,2
31,Lich,FROSTBOUND,304,44.7,pos 4,1
110,Phoenix,DYING LIGHT,1895,49.0,pos 4,1
90,Keeper of the Light,RECALL,302,52.0,pos 4,2
4,Bloodseeker,BLOODRUSH,7,14.3,pos 4,2
8,Juggernaut,BLADESTORM,12,33.3,pos 4,1
10,Morphling,EBB,19,31.6,pos 4,1
11,Shadow Fiend,LASTING PRESENCE,15,13.3,pos 4,1
13,Puck,JOSTLING RIFT,82,42.7,pos 4,1
15,Razor,THUNDERHEAD,54,35.2,pos 4,1
18,Sven,WRATH OF GOD,8,25.0,pos 4,2
29,Tidehunter,KRILL EATER,112,36.6,pos 4,2
42,Wraith King,SPECTRAL BLADE,5,60.0,pos 4,2
45,Pugna,REWARDS OF RUIN,46,37.0,pos 4,2
49,Dragon Knight,CORROSIVE DRAGON,9,66.7,pos 4,2
66,Chen,HELLBEAR CONVERT,6,66.7,pos 4,2
81,Chaos Knight,IRRATIONALITY,12,33.3,pos 4,1
90,Keeper of the Light,SOLAR BIND,351,45.9,pos 4,1
94,Medusa,ENGORGED,2,0.0,pos 4,1
99,Bristleback,SEEING RED,16,31.3,pos 4,2
129,Mars,VICTORY FEAST,52,63.5,pos 4,1
26,Lion,ESSENCE EATER,2621,52.5,pos 4,1
92,Visage,DEATH TOLL,181,42.5,pos 4,3
35,Sniper,SCATTERSHOT,377,41.9,pos 4,2
86,Rubick,ARCANE ACCUMULATION,3783,51.0,pos 4,2
51,Clockwerk,EXPANDED ARMATURE,2218,49.9,pos 4,2
138,Muerta,OFRENDA,183,28.4,pos 4,2
62,Bounty Hunter,CUTPURSE,473,53.9,pos 4,2
69,Doom,DEVIL'S BARGAIN,72,40.3,pos 4,2
3,Bane,DREAM STALKER,327,51.7,pos 4,1
91,Io,MEDIGUN,63,47.6,pos 4,2
30,Witch Doctor,HEADHUNTER,627,47.8,pos 4,1
52,Leshrac,CHRONOPTIC NOURISHMENT,47,31.9,pos 4,1
97,Magnus,DIMINISHING RETURN,1413,52.5,pos 4,2
32,Riki,CONTRACT KILLER,1537,49.1,pos 4,1
7,Earthshaker,SLUGGER,2480,52.9,pos 4,2
65,Batrider,ARSONIST,128,49.2,pos 4,2
107,Earth Spirit,RESONANCE,260,40.0,pos 4,1
79,Shadow Demon,PROMULGATE,853,49.5,pos 4,1
43,Death Prophet,SPIRIT COLLECTOR,55,36.4,pos 4,1
74,Invoker,MIND OF TORNARUS,137,48.9,pos 4,2
39,Queen of Pain,BONDAGE,113,51.3,pos 4,2
64,Jakiro,TWIN TERROR,252,50.4,pos 4,1
53,Nature's Prophet,SOOTHING SAPLINGS,282,49.6,pos 4,1
136,Marci,FLEETING FURY,1612,45.7,pos 4,3
73,Alchemist,DIVIDENDS,973,52.3,pos 4,3
135,Dawnbreaker,STARSURGE,140,48.6,pos 4,2
88,Nyx Assassin,SCUTTLE,1000,49.2,pos 4,2
69,Doom,GLUTTONY,405,51.4,pos 4,1
109,Terrorblade,CONDEMNED,182,33.5,pos 4,1
59,Huskar,CAUTERIZE,67,26.9,pos 4,1
105,Techies,SPOON'S STASH,543,42.5,pos 4,3
57,Omniknight,OMNIPRESENT,66,37.9,pos 4,1
34,Tinker,REPAIR BOTS,1538,56.1,pos 4,1
40,Venomancer,PLAGUE CARRIER,311,41.2,pos 4,2
85,Undying,ROTTING MITTS,483,50.1,pos 4,1
1,Anti-Mage,MANA THIRST,40,25.0,pos 4,2
16,Sand King,DUST DEVIL,5,40.0,pos 4,2
103,Elder Titan,MOMENTUM,44,47.7,pos 4,2
74,Invoker,SCHOLAR OF KORYX,131,48.1,pos 4,1
44,Phantom Assassin,SWEET RELEASE,43,32.6,pos 4,2
28,Slardar,LEG DAY,116,56.9,pos 4,1
70,Ursa,GRUDGE BEARER,11,45.5,pos 4,1
33,Enigma,SPLITTING IMAGE,73,43.8,pos 4,2
131,Ringmaster,SIDESHOW SECRETS,559,46.2,pos 4,2
72,Gyrocopter,SECONDARY STRIKES,181,51.9,pos 4,1
123,Hoodwink,HIPSHOT,630,41.9,pos 4,2
81,Chaos Knight,FUNDAMENTAL FORGING,56,55.4,pos 4,2
49,Dragon Knight,FROST DRAGON,24,37.5,pos 4,3
78,Brewmaster,DRUNKEN MASTER,21,33.3,pos 4,2
95,Troll Warlord,BAD INFLUENCE,21,33.3,pos 4,2
113,Arc Warden,RUNED REPLICA,64,43.8,pos 4,1
56,Clinkz,ENGULFING STEP,193,49.2,pos 4,2
46,Templar Assassin,VOIDBLADES,19,26.3,pos 4,1
66,Chen,TROLL CONVERT,9,55.6,pos 4,3
145,Kez,FLUTTER,66,28.8,pos 4,1
48,Luna,MOONSTORM,11,36.4,pos 4,2
77,Lycan,ALPHA WOLVES,10,50.0,pos 4,3
18,Sven,HEAVY PLATE,47,48.9,pos 4,1
55,Dark Seer,QUICK WIT,57,50.9,pos 4,1
82,Meepo,MORE MEEPO,28,21.4,pos 4,1
137,Primal Beast,FEROCITY,66,39.4,pos 4,2
23,Kunkka,HIGH TIDE,10,20.0,pos 4,1
54,Lifestealer,FLESHFEAST,30,10.0,pos 4,1
56,Clinkz,SUPPRESSIVE FIRE,127,44.9,pos 4,1
49,Dragon Knight,FIRE DRAGON,50,42.0,pos 4,1
78,Brewmaster,ROLL OUT THE BARREL,27,14.8,pos 4,1
80,Lone Druid,BEAR NECESSITIES,1,0.0,pos 4,2
95,Troll Warlord,INSENSITIVE,4,25.0,pos 4,1
113,Arc Warden,POWER CAPTURE,26,42.3,pos 4,2
81,Chaos Knight,CLOVEN CHAOS,50,54.0,pos 4,3
135,Dawnbreaker,SOLAR CHARGED,191,53.9,pos 4,1
25,Lina,SLOW BURN,84,40.5,pos 4,2
72,Gyrocopter,AFTERBURNER,178,51.7,pos 4,2
131,Ringmaster,CARNY CLASSICS,1875,52.4,pos 4,1
33,Enigma,EVENT HORIZON,146,45.9,pos 4,1
89,Naga Siren,RIP TIDE,28,21.4,pos 4,1
28,Slardar,BRINEGUARD,19,36.8,pos 4,2
46,Templar Assassin,REFRACTOR,8,25.0,pos 4,2
46,Templar Assassin,HIDDEN REACH,94,34.0,pos 4,3
1,Anti-Mage,MAGEBANE'S MIRROR,45,42.2,pos 4,1
17,Storm Spirit,SHOCK COLLAR,8,37.5,pos 4,1
103,Elder Titan,DECONSTRUCTION,276,55.1,pos 4,1
85,Undying,RIPPED,107,50.5,pos 4,2
137,Primal Beast,PROVOKE THE BEAST,36,38.9,pos 4,1
83,Treant Protector,PRIMEVAL POWER,87,37.9,pos 4,1
111,Oracle,CLAIRVOYANT CURSE,134,49.3,pos 4,1
57,Omniknight,HEALING HAMMER,34,55.9,pos 4,2
68,Ancient Apparition,EXPOSURE,738,51.8,pos 4,2
61,Broodmother,NECROTIC WEBS,78,30.8,pos 4,1
109,Terrorblade,SOUL FRAGMENT,5,20.0,pos 4,2
60,Night Stalker,NIGHT REIGN,2509,53.2,pos 4,1
119,Dark Willow,THROWING SHADE,2107,51.9,pos 4,1
20,Vengeful Spirit,AVENGING MISSILE,220,56.8,pos 4,1
107,Earth Spirit,READY TO ROLL,698,47.0,pos 4,3
53,Nature's Prophet,IRONWOOD TREANT,2229,48.2,pos 4,2
64,Jakiro,ICE BREAKER,3232,49.9,pos 4,2
39,Queen of Pain,MASOCHIST,168,31.5,pos 4,1
73,Alchemist,SEED MONEY,172,39.5,pos 4,1
43,Death Prophet,MOURNING RITUAL,59,42.4,pos 4,2
87,Disruptor,KINETIC FENCE,64,60.9,pos 4,2
58,Enchantress,SPELLBOUND,197,49.2,pos 4,2
102,Abaddon,MEPHITIC SHROUD,1155,54.0,pos 4,2
7,Earthshaker,TECTONIC BUILDUP,402,55.5,pos 4,1
32,Riki,EXTERMINATOR,1073,48.4,pos 4,2
97,Magnus,ETERNAL EMPOWERMENT,163,48.5,pos 4,1
100,Tusk,TAG TEAM,2969,50.7,pos 4,1
19,Tiny,INSURMOUNTABLE,100,37.0,pos 4,2
22,Zeus,LIVEWIRE,10236,52.4,pos 4,1
3,Bane,SLEEPWALK,264,55.7,pos 4,2
50,Dazzle,POISON BLOOM,1097,51.2,pos 4,2
73,Alchemist,MIXOLOGIST,51,51.0,pos 4,2
51,Clockwerk,HOOKUP,129,58.9,pos 4,1
86,Rubick,FRUGAL FILCH,3498,48.6,pos 4,1
35,Sniper,GHILLIE SUIT,34,23.5,pos 4,1
92,Visage,SEPULCHRE,73,30.1,pos 4,1
26,Lion,FIST OF DEATH,1042,51.2,pos 4,2
4,Bloodseeker,ARTERIAL SPRAY,6,0.0,pos 4,1
6,Drow Ranger,SIDESTEP,8,0.0,pos 4,2
8,Juggernaut,BLADEFORM,7,14.3,pos 4,2
10,Morphling,FLOW,123,39.0,pos 4,2
11,Shadow Fiend,SHADOWMIRE,59,49.2,pos 4,2
13,Puck,CURVEBALL,6,66.7,pos 4,2
15,Razor,DYNAMO,11,18.2,pos 4,2
29,Tidehunter,KRAKEN SWELL,78,52.6,pos 4,1
42,Wraith King,BONE GUARD,21,33.3,pos 4,1
45,Pugna,SIPHONING WARD,725,49.5,pos 4,1
48,Luna,MOONSHIELD,10,20.0,pos 4,1
66,Chen,CENTAUR CONVERT,10,60.0,pos 4,1
77,Lycan,SPIRIT WOLVES,2,0.0,pos 4,2
82,Meepo,CODEPENDENT,5,20.0,pos 4,2
92,Visage,FAITHFUL FOLLOWERS,2,0.0,pos 4,2
99,Bristleback,SNOT ROCKET,169,43.8,pos 4,1
108,Underlord,ABYSSAL HORDE,13,53.8,pos 4,2
129,Mars,BLOOD SPORT,95,34.7,pos 4,2
110,Phoenix,HOTSPOT,255,50.2,pos 4,2
31,Lich,GROWING COLD,38,44.7,pos 4,2
75,Silencer,IRREPRESSIBLE,92,38.0,pos 4,1
37,Warlock,CHAMPION OF GORROTH,79,48.1,pos 4,1
114,Monkey King,SIMIAN STRIDE,550,41.3,pos 4,2
50,Dazzle,NOTHL BOON,221,51.1,pos 4,1
107,Earth Spirit,STEPPING STONE,61,52.5,pos 4,2
101,Skywrath Mage,SHIELD OF THE SCION,1076,48.4,pos 4,1
22,Zeus,DIVINE RAMPAGE,885,49.6,pos 4,2
19,Tiny,CRASH LANDING,893,52.1,pos 4,1
100,Tusk,DRINKING BUDDIES,145,46.2,pos 4,2
136,Marci,BUDDY SYSTEM,93,40.9,pos 4,1
27,Shadow Shaman,MASSIVE SERPENT WARD,101,53.5,pos 4,2
21,Windranger,TANGLED,328,44.8,pos 4,1
102,Abaddon,THE QUICKENING,226,54.9,pos 4,1
58,Enchantress,OVERPROTECTIVE WISPS,107,44.9,pos 4,1
9,Mirana,LEAPS AND BOUNDS,150,46.7,pos 4,2
87,Disruptor,THUNDERSTORM,608,53.3,pos 4,1
14,Pudge,FRESH MEAT,2329,47.9,pos 4,1
93,Slark,DARK REEF RENEGADE,746,48.3,pos 4,2
128,Snapfire,RICOCHET II,171,46.8,pos 4,1
41,Faceless Void,TIME ZONE,1223,52.8,pos 4,2
112,Winter Wyvern,WINTERPROOF,336,53.9,pos 4,1
84,Ogre Magi,LEARNING CURVE,683,50.2,pos 4,2
20,Vengeful Spirit,SOUL STRIKE,232,48.3,pos 4,2
119,Dark Willow,SHATTERING CROWN,2537,50.9,pos 4,2
60,Night Stalker,VOIDBRINGER,23,43.5,pos 4,2
98,Timbersaw,SHREDDER,137,44.5,pos 4,1
61,Broodmother,FEEDING FRENZY,7,28.6,pos 4,2
68,Ancient Apparition,BONE CHILL,844,50.2,pos 4,1
71,Spirit Breaker,BULL'S HIT,1039,49.7,pos 4,2
111,Oracle,CLAIRVOYANT CURE,181,48.1,pos 4,2
83,Treant Protector,SAPLING,86,46.5,pos 4,2
5,Crystal Maiden,ARCANE OVERFLOW,117,41.9,pos 4,2
121,Grimstroke,FINE ART,621,48.3,pos 4,2
12,Phantom Lancer,LANCELOT,5,20.0,pos 4,2
17,Storm Spirit,STATIC SLIDE,31,25.8,pos 4,2
145,Kez,SHADOWHAWK,17,11.8,pos 4,2
89,Naga Siren,DELUGE,21,47.6,pos 4,2
96,Centaur Warrunner,HORSEPOWER,16,31.3,pos 4,2
47,Viper,POISON BURST,92,40.2,pos 4,1
135,Dawnbreaker,TRAILBLAZER,135,43.0,pos 4,3
63,Weaver,SKITTERSTEP,1575,50.7,pos 4,1
106,Ember Spirit,CHAIN GANG,172,53.5,pos 4,2
25,Lina,THERMAL RUNAWAY,68,32.4,pos 4,1
126,Void Spirit,CALL OF THE VOID,34,38.2,pos 4,2
2,Axe,ONE MAN ARMY,60,36.7,pos 4,1
67,Spectre,FORSAKEN,25,24.0,pos 4,1
94,Medusa,UNDULATION,23,26.1,pos 4,3
104,Legion Commander,STONEHALL PLATE,38,23.7,pos 4,1
120,Pangolier,DOUBLE JUMP,38,31.6,pos 4,1
23,Kunkka,GROG BLOSSOM,42,31.0,pos 4,2
54,Lifestealer,GORESTORM,16,50.0,pos 4,2
12,Phantom Lancer,DIVERGENCE,7,0.0,pos 4,1
36,Necrophos,PROFANE POTENCY,22,40.9,pos 4,1
55,Dark Seer,HEART OF BATTLE,31,41.9,pos 4,2
6,Drow Ranger,VANTAGE POINT,30,23.3,pos 5,1
78,Brewmaster,DRUNKEN MASTER,8,62.5,pos 5,2
82,Meepo,MORE MEEPO,10,40.0,pos 5,1
98,Timbersaw,SHREDDER,106,41.5,pos 5,1
120,Pangolier,DOUBLE JUMP,9,33.3,pos 5,1
129,Mars,VICTORY FEAST,9,33.3,pos 5,1
29,Tidehunter,KRILL EATER,88,43.2,pos 5,2
43,Death Prophet,SPIRIT COLLECTOR,66,37.9,pos 5,1
56,Clinkz,ENGULFING STEP,64,39.1,pos 5,2
8,Juggernaut,BLADESTORM,26,42.3,pos 5,1
15,Razor,THUNDERHEAD,59,55.9,pos 5,1
70,Ursa,GRUDGE BEARER,28,35.7,pos 5,1
81,Chaos Knight,IRRATIONALITY,45,73.3,pos 5,1
123,Hoodwink,GO NUTS,232,40.5,pos 5,1
56,Clinkz,SUPPRESSIVE FIRE,29,34.5,pos 5,1
95,Troll Warlord,INSENSITIVE,26,11.5,pos 5,1
71,Spirit Breaker,BULL RUSH,603,49.6,pos 5,1
41,Faceless Void,CHRONOSPHERE,38,28.9,pos 5,1
17,Storm Spirit,SHOCK COLLAR,6,0.0,pos 5,1
83,Treant Protector,PRIMEVAL POWER,320,48.1,pos 5,1
73,Alchemist,SEED MONEY,206,38.8,pos 5,1
1,Anti-Mage,MANA THIRST,62,29.0,pos 5,2
25,Lina,THERMAL RUNAWAY,28,50.0,pos 5,1
109,Terrorblade,SOUL FRAGMENT,16,50.0,pos 5,2
112,Winter Wyvern,RECURSIVE,6834,53.5,pos 5,2
44,Phantom Assassin,METHODICAL,199,31.2,pos 5,1
63,Weaver,HIVEMIND,2592,46.8,pos 5,2
42,Wraith King,SPECTRAL BLADE,10,30.0,pos 5,2
74,Invoker,AGENT OF GALLARON,122,40.2,pos 5,3
69,Doom,GLUTTONY,193,52.3,pos 5,1
57,Omniknight,OMNIPRESENT,219,54.8,pos 5,1
145,Kez,FLUTTER,55,29.1,pos 5,1
53,Nature's Prophet,IRONWOOD TREANT,1320,44.8,pos 5,2
119,Dark Willow,THROWING SHADE,768,52.7,pos 5,1
62,Bounty Hunter,CUTPURSE,126,45.2,pos 5,2
50,Dazzle,POISON BLOOM,2596,52.3,pos 5,2
7,Earthshaker,TECTONIC BUILDUP,50,52.0,pos 5,1
59,Huskar,INCENDIARY,211,39.8,pos 5,2
102,Abaddon,MEPHITIC SHROUD,4192,54.4,pos 5,2
68,Ancient Apparition,EXPOSURE,1973,53.8,pos 5,2
49,Dragon Knight,FROST DRAGON,44,38.6,pos 5,3
99,Bristleback,SNOT ROCKET,195,41.0,pos 5,1
101,Skywrath Mage,STAFF OF THE SCION,68,35.3,pos 5,2
14,Pudge,ROTTEN CORE,1692,45.5,pos 5,2
87,Disruptor,THUNDERSTORM,3319,52.4,pos 5,1
9,Mirana,STARSTRUCK,4227,52.9,pos 5,1
136,Marci,PICK-ME-UP,2390,42.3,pos 5,2
86,Rubick,FRUGAL FILCH,708,43.1,pos 5,1
64,Jakiro,ICE BREAKER,15853,51.4,pos 5,2
138,Muerta,OFRENDA,69,24.6,pos 5,2
58,Enchantress,OVERPROTECTIVE WISPS,255,41.6,pos 5,1
85,Undying,ROTTING MITTS,2799,51.2,pos 5,1
100,Tusk,TAG TEAM,2672,51.6,pos 5,1
81,Chaos Knight,CLOVEN CHAOS,27,40.7,pos 5,3
136,Marci,FLEETING FURY,1298,44.5,pos 5,3
27,Shadow Shaman,CHICKEN FINGERS,4582,52.0,pos 5,1
110,Phoenix,DYING LIGHT,1815,49.8,pos 5,1
128,Snapfire,FULL BORE,440,51.1,pos 5,2
2,Axe,ONE MAN ARMY,17,35.3,pos 5,1
4,Bloodseeker,ARTERIAL SPRAY,43,25.6,pos 5,1
11,Shadow Fiend,LASTING PRESENCE,27,29.6,pos 5,1
16,Sand King,DUST DEVIL,2,50.0,pos 5,2
35,Sniper,GHILLIE SUIT,30,26.7,pos 5,1
38,Beastmaster,WILD HUNT,11,36.4,pos 5,1
48,Luna,MOONSHIELD,52,46.2,pos 5,1
52,Leshrac,CHRONOPTIC NOURISHMENT,30,20.0,pos 5,1
76,Outworld Devourer,OBSIDIAN DECIMATOR,8,37.5,pos 5,1
77,Lycan,PACK LEADER,0,0.0,pos 5,1
77,Lycan,ALPHA WOLVES,6,16.7,pos 5,3
80,Lone Druid,BEAR NECESSITIES,2,0.0,pos 5,2
107,Earth Spirit,STEPPING STONE,2,50.0,pos 5,2
108,Underlord,ABYSSAL HORDE,4,25.0,pos 5,2
137,Primal Beast,PROVOKE THE BEAST,7,14.3,pos 5,1
11,Shadow Fiend,SHADOWMIRE,38,31.6,pos 5,2
37,Warlock,CHAMPION OF GORROTH,668,48.5,pos 5,1
128,Snapfire,RICOCHET II,139,49.6,pos 5,1
110,Phoenix,HOTSPOT,319,48.6,pos 5,2
27,Shadow Shaman,MASSIVE SERPENT WARD,123,38.2,pos 5,2
49,Dragon Knight,CORROSIVE DRAGON,13,30.8,pos 5,2
33,Enigma,SPLITTING IMAGE,121,56.2,pos 5,2
75,Silencer,REVERBERATING SILENCE,8218,51.1,pos 5,2
92,Visage,DEATH TOLL,117,42.7,pos 5,3
45,Pugna,REWARDS OF RUIN,27,40.7,pos 5,2
91,Io,MEDIGUN,128,47.7,pos 5,2
22,Zeus,DIVINE RAMPAGE,421,50.4,pos 5,2
97,Magnus,ETERNAL EMPOWERMENT,192,38.5,pos 5,1
9,Mirana,LEAPS AND BOUNDS,68,47.1,pos 5,2
65,Batrider,ARSONIST,53,32.1,pos 5,2
88,Nyx Assassin,MANA BURN,69,44.9,pos 5,1
136,Marci,BUDDY SYSTEM,170,39.4,pos 5,1
49,Dragon Knight,FIRE DRAGON,108,33.3,pos 5,1
30,Witch Doctor,HEADHUNTER,1473,48.6,pos 5,1
74,Invoker,MIND OF TORNARUS,43,60.5,pos 5,2
51,Clockwerk,HOOKUP,71,50.7,pos 5,1
66,Chen,TROLL CONVERT,40,42.5,pos 5,3
69,Doom,IMPENDING DOOM,10,20.0,pos 5,3
102,Abaddon,THE QUICKENING,795,52.3,pos 5,1
59,Huskar,CAUTERIZE,61,26.2,pos 5,1
7,Earthshaker,SLUGGER,262,50.4,pos 5,2
50,Dazzle,NOTHL BOON,1015,55.8,pos 5,1
54,Lifestealer,GORESTORM,10,30.0,pos 5,2
62,Bounty Hunter,THROUGH AND THROUGH,1283,47.5,pos 5,1
119,Dark Willow,SHATTERING CROWN,1095,51.9,pos 5,2
53,Nature's Prophet,SOOTHING SAPLINGS,151,51.0,pos 5,1
46,Templar Assassin,HIDDEN REACH,92,30.4,pos 5,3
26,Lion,FIST OF DEATH,768,49.3,pos 5,2
42,Wraith King,BONE GUARD,80,63.7,pos 5,1
93,Slark,DARK REEF RENEGADE,296,54.4,pos 5,2
44,Phantom Assassin,SWEET RELEASE,38,34.2,pos 5,2
112,Winter Wyvern,WINTERPROOF,707,55.9,pos 5,1
39,Queen of Pain,MASOCHIST,52,38.5,pos 5,1
114,Monkey King,SIMIAN STRIDE,157,31.8,pos 5,2
19,Tiny,CRASH LANDING,203,49.8,pos 5,1
135,Dawnbreaker,STARSURGE,98,50.0,pos 5,2
66,Chen,HELLBEAR CONVERT,76,35.5,pos 5,2
72,Gyrocopter,SECONDARY STRIKES,245,48.6,pos 5,1
41,Faceless Void,TIME ZONE,403,53.8,pos 5,2
71,Spirit Breaker,BULL'S HIT,155,47.7,pos 5,2
60,Night Stalker,VOIDBRINGER,12,58.3,pos 5,2
113,Arc Warden,POWER CAPTURE,16,43.8,pos 5,2
67,Spectre,TWIST THE KNIFE,39,46.2,pos 5,2
131,Ringmaster,SIDESHOW SECRETS,436,43.6,pos 5,2
55,Dark Seer,QUICK WIT,14,42.9,pos 5,1
61,Broodmother,FEEDING FRENZY,5,0.0,pos 5,2
104,Legion Commander,STONEHALL PLATE,14,28.6,pos 5,1
89,Naga Siren,RIP TIDE,37,35.1,pos 5,1
43,Death Prophet,MOURNING RITUAL,88,46.6,pos 5,2
29,Tidehunter,KRAKEN SWELL,32,56.3,pos 5,1
13,Puck,JOSTLING RIFT,21,33.3,pos 5,1
23,Kunkka,GROG BLOSSOM,28,46.4,pos 5,2
38,Beastmaster,BEAST MODE,16,12.5,pos 5,2
96,Centaur Warrunner,COUNTER-STRIKE,15,53.3,pos 5,1
106,Ember Spirit,DOUBLE IMPACT,35,25.7,pos 5,1
126,Void Spirit,CALL OF THE VOID,24,54.2,pos 5,2
36,Necrophos,PROFANE POTENCY,9,22.2,pos 5,1
80,Lone Druid,BEAR WITH ME,22,18.2,pos 5,1
96,Centaur Warrunner,HORSEPOWER,9,55.6,pos 5,2
106,Ember Spirit,CHAIN GANG,45,37.8,pos 5,2
126,Void Spirit,SANCTUARY,28,28.6,pos 5,1
94,Medusa,ENGORGED,31,87.1,pos 5,1
90,Keeper of the Light,SOLAR BIND,174,32.8,pos 5,1
107,Earth Spirit,RESONANCE,29,41.4,pos 5,1
89,Naga Siren,DELUGE,58,41.4,pos 5,2
8,Juggernaut,BLADEFORM,13,15.4,pos 5,2
61,Broodmother,NECROTIC WEBS,41,26.8,pos 5,1
131,Ringmaster,CARNY CLASSICS,2143,50.7,pos 5,1
67,Spectre,FORSAKEN,46,26.1,pos 5,1
28,Slardar,BRINEGUARD,8,37.5,pos 5,2
60,Night Stalker,NIGHT REIGN,591,49.9,pos 5,1
113,Arc Warden,RUNED REPLICA,42,47.6,pos 5,1
12,Phantom Lancer,DIVERGENCE,43,65.1,pos 5,1
105,Techies,SPLEEN'S SECRET SAUCE,652,43.7,pos 5,2
72,Gyrocopter,AFTERBURNER,159,45.9,pos 5,2
135,Dawnbreaker,SOLAR CHARGED,92,54.3,pos 5,1
19,Tiny,INSURMOUNTABLE,293,32.4,pos 5,2
66,Chen,CENTAUR CONVERT,150,56.0,pos 5,1
39,Queen of Pain,BONDAGE,35,60.0,pos 5,2
114,Monkey King,WUKONG'S FAITHFUL,37,35.1,pos 5,1
20,Vengeful Spirit,AVENGING MISSILE,195,42.6,pos 5,1
90,Keeper of the Light,RECALL,134,50.0,pos 5,2
93,Slark,LEECHING LEASH,255,36.1,pos 5,1
47,Viper,POISON BURST,135,49.6,pos 5,1
10,Morphling,FLOW,55,45.5,pos 5,2
26,Lion,ESSENCE EATER,2508,50.6,pos 5,1
46,Templar Assassin,VOIDBLADES,28,21.4,pos 5,1
66,Chen,SATYR CONVERT,313,46.0,pos 5,4
111,Oracle,CLAIRVOYANT CURSE,352,51.1,pos 5,1
79,Shadow Demon,SHADOW SERVANT,126,46.0,pos 5,2
54,Lifestealer,FLESHFEAST,250,33.2,pos 5,1
40,Venomancer,PATIENT ZERO,710,52.0,pos 5,1
3,Bane,SLEEPWALK,685,50.5,pos 5,2
18,Sven,WRATH OF GOD,99,39.4,pos 5,2
103,Elder Titan,DECONSTRUCTION,1043,55.3,pos 5,1
51,Clockwerk,EXPANDED ARMATURE,2955,52.1,pos 5,2
5,Crystal Maiden,GLACIAL GUARD,5913,51.6,pos 5,1
30,Witch Doctor,CLEFT DEATH,167,43.1,pos 5,2
34,Tinker,TRANSLOCATOR,75,40.0,pos 5,2
88,Nyx Assassin,SCUTTLE,187,46.0,pos 5,2
65,Batrider,STOKED,379,46.2,pos 5,1
32,Riki,EXTERMINATOR,188,35.1,pos 5,2
97,Magnus,DIMINISHING RETURN,663,50.5,pos 5,2
22,Zeus,LIVEWIRE,7286,51.8,pos 5,1
91,Io,KRITZKRIEG,3432,52.5,pos 5,1
45,Pugna,SIPHONING WARD,842,52.0,pos 5,1
92,Visage,SEPULCHRE,39,38.5,pos 5,1
75,Silencer,IRREPRESSIBLE,189,47.1,pos 5,1
33,Enigma,EVENT HORIZON,104,47.1,pos 5,1
121,Grimstroke,INKSTIGATE,413,44.6,pos 5,1
84,Ogre Magi,FAT CHANCE,121,40.5,pos 5,1
21,Windranger,KILLSHOT,900,46.2,pos 5,2
31,Lich,FROSTBOUND,1670,50.4,pos 5,1
37,Warlock,BLACK GRIMOIRE,11228,50.1,pos 5,2
2,Axe,CALL OUT,35,54.3,pos 5,2
4,Bloodseeker,BLOODRUSH,4,0.0,pos 5,2
13,Puck,CURVEBALL,3,33.3,pos 5,2
23,Kunkka,HIGH TIDE,4,0.0,pos 5,1
35,Sniper,SCATTERSHOT,164,41.5,pos 5,2
46,Templar Assassin,REFRACTOR,7,14.3,pos 5,2
48,Luna,MOONSTORM,11,36.4,pos 5,2
52,Leshrac,MISANTHROPY,975,47.8,pos 5,2
76,Outworld Devourer,OVERWHELMING DEVOURER,10,30.0,pos 5,2
77,Lycan,SPIRIT WOLVES,1,0.0,pos 5,2
78,Brewmaster,ROLL OUT THE BARREL,8,37.5,pos 5,1
92,Visage,FAITHFUL FOLLOWERS,0,0.0,pos 5,2
108,Underlord,DEMON'S REACH,4,0.0,pos 5,1
129,Mars,BLOOD SPORT,22,13.6,pos 5,2
137,Primal Beast,FEROCITY,15,40.0,pos 5,2
135,Dawnbreaker,TRAILBLAZER,121,55.4,pos 5,3
73,Alchemist,MIXOLOGIST,51,47.1,pos 5,2
31,Lich,GROWING COLD,201,39.8,pos 5,2
21,Windranger,TANGLED,130,43.1,pos 5,1
84,Ogre Magi,LEARNING CURVE,3076,50.1,pos 5,2
121,Grimstroke,FINE ART,241,43.6,pos 5,2
100,Tusk,DRINKING BUDDIES,101,43.6,pos 5,2
85,Undying,RIPPED,450,48.0,pos 5,2
58,Enchantress,SPELLBOUND,518,42.3,pos 5,2
138,Muerta,DANCE OF THE DEAD,1516,46.8,pos 5,1
64,Jakiro,TWIN TERROR,712,49.2,pos 5,1
86,Rubick,ARCANE ACCUMULATION,935,49.3,pos 5,2
32,Riki,CONTRACT KILLER,186,37.1,pos 5,1
105,Techies,SQUEE'S SCOPE,41,56.1,pos 5,1
87,Disruptor,KINETIC FENCE,384,50.8,pos 5,2
14,Pudge,FRESH MEAT,1565,46.3,pos 5,1
34,Tinker,REPAIR BOTS,2239,51.9,pos 5,1
101,Skywrath Mage,SHIELD OF THE SCION,277,44.8,pos 5,1
99,Bristleback,SEEING RED,12,16.7,pos 5,2
5,Crystal Maiden,ARCANE OVERFLOW,586,44.5,pos 5,2
68,Ancient Apparition,BONE CHILL,2725,53.0,pos 5,1
69,Doom,DEVIL'S BARGAIN,27,44.4,pos 5,2
103,Elder Titan,MOMENTUM,78,55.1,pos 5,2
18,Sven,HEAVY PLATE,166,59.0,pos 5,1
3,Bane,DREAM STALKER,963,53.4,pos 5,1
40,Venomancer,PLAGUE CARRIER,595,46.2,pos 5,2
94,Medusa,VENOMOUS VOLLEY,32,21.9,pos 5,2
74,Invoker,SCHOLAR OF KORYX,48,39.6,pos 5,1
79,Shadow Demon,PROMULGATE,793,49.2,pos 5,1
111,Oracle,CLAIRVOYANT CURE,1456,53.1,pos 5,2
145,Kez,SHADOWHAWK,10,30.0,pos 5,2
57,Omniknight,HEALING HAMMER,140,46.4,pos 5,2
10,Morphling,EBB,209,26.3,pos 5,1
47,Viper,CAUSTIC BATH,19,36.8,pos 5,2
63,Weaver,SKITTERSTEP,537,48.8,pos 5,1
20,Vengeful Spirit,SOUL STRIKE,195,40.0,pos 5,2
25,Lina,SLOW BURN,29,27.6,pos 5,2
109,Terrorblade,CONDEMNED,152,36.2,pos 5,1
1,Anti-Mage,MAGEBANE'S MIRROR,34,20.6,pos 5,1
73,Alchemist,DIVIDENDS,1009,53.5,pos 5,3
83,Treant Protector,SAPLING,601,49.6,pos 5,2
105,Techies,SPOON'S STASH,269,40.9,pos 5,3
17,Storm Spirit,STATIC SLIDE,18,38.9,pos 5,2
12,Phantom Lancer,LANCELOT,33,15.2,pos 5,2
28,Slardar,LEG DAY,38,36.8,pos 5,1
95,Troll Warlord,BAD INFLUENCE,52,17.3,pos 5,2
123,Hoodwink,HIPSHOT,190,43.2,pos 5,2
81,Chaos Knight,FUNDAMENTAL FORGING,41,51.2,pos 5,2
15,Razor,DYNAMO,17,58.8,pos 5,2
55,Dark Seer,HEART OF BATTLE,9,55.6,pos 5,2
70,Ursa,BEAR DOWN,75,40.0,pos 5,2
104,Legion Commander,SPOILS OF WAR,15,26.7,pos 5,2
107,Earth Spirit,READY TO ROLL,56,48.2,pos 5,3
94,Medusa,UNDULATION,37,56.8,pos 5,3
6,Drow Ranger,SIDESTEP,23,47.8,pos 5,2
16,Sand King,SANDSHROUD,9,44.4,pos 5,1
36,Necrophos,RAPID DECAY,6,33.3,pos 5,2
82,Meepo,CODEPENDENT,15,46.7,pos 5,2
98,Timbersaw,TWISTED CHAKRAM,4,25.0,pos 5,2
120,Pangolier,THUNDERBOLT,13,15.4,pos 5,2
