hero_id,Rank,Role,Hero,D2PT Rating,Matches,Win Rate,Contest Rate,Radiant,Dire,1st Phase,2nd Phase,Lastpick,Networth@10,localized_name,Expert Win Rate,Expert Matches,9500 Win Rate,9500 Matches
4.0,#1,Carry,Bloodseeker,3432,3560,54.1,36.9,57.0,51.0,49.8,54.3,54.9,"{'main': 4306, 'range_min': 3623, 'range_max': 4990}",Bloodseeker,59.5,778,53.6,1873
73.0,#2,Carry,Alchemist,3387,4966,52.9,58.6,53.5,52.3,50.4,53.7,53.1,"{'main': 5571, 'range_min': 4653, 'range_max': 6488}",Alchemist,57.6,903,54.4,2623
67.0,#3,Carry,Spectre,3319,4541,52.6,63.6,53.9,51.3,51.1,52.8,53.5,"{'main': 3914, 'range_min': 3261, 'range_max': 4568}",Spectre,58.4,627,54.1,2033
136.0,#4,Carry,Marci,3092,279,57.7,19.5,54.1,60.5,65.2,50.4,50.0,"{'main': 4799, 'range_min': 3795, 'range_max': 5803}",Marci,74.1,27,56.6,113
94.0,#5,Carry,Medusa,3085,884,52.4,14.0,52.6,52.2,65.0,54.2,50.4,"{'main': 4492, 'range_min': 3815, 'range_max': 5170}",Medusa,62.4,93,45.9,344
99.0,#6,Carry,Bristleback,3078,683,53.9,30.3,57.0,50.9,55.9,54.8,51.3,"{'main': 4616, 'range_min': 3791, 'range_max': 5441}",Bristleback,45.1,71,56.2,429
145.0,#7,Carry,Kez,3065,1460,51.7,43.4,52.2,51.2,53.1,51.9,46.7,"{'main': 4486, 'range_min': 3721, 'range_max': 5252}",Kez,56.3,538,52.4,645
82.0,#8,Carry,Meepo,3038,172,56.4,14.7,64.5,50.0,40.0,57.8,56.7,"{'main': 4589, 'range_min': 3807, 'range_max': 5372}",Meepo,61.8,34,55.1,69
56.0,#9,Carry,Clinkz,3026,91,56.0,6.0,53.7,58.0,42.9,59.0,52.2,"{'main': 4433, 'range_min': 3694, 'range_max': 5172}",Clinkz,0.0,0,55.3,38
60.0,#10,Carry,Night Stalker,3023,97,54.6,33.7,55.1,54.2,50.0,55.0,56.5,"{'main': 4395, 'range_min': 3648, 'range_max': 5143}",Night Stalker,58.3,12,53.7,67
10.0,#11,Carry,Morphling,3022,4298,50.9,55.4,52.3,49.6,48.6,51.7,49.6,"{'main': 4439, 'range_min': 3740, 'range_max': 5139}",Morphling,58.3,890,50.4,1929
77.0,#12,Carry,Lycan,3010,197,52.3,35.9,53.6,51.0,53.3,50.4,60.0,"{'main': 4276, 'range_min': 3560, 'range_max': 4992}",Lycan,0.0,0,47.5,120
69.0,#13,Carry,Doom,3009,50,56.0,32.0,60.9,51.9,25.0,56.5,60.9,"{'main': 4579, 'range_min': 3793, 'range_max': 5366}",Doom,0.0,0,59.4,32
42.0,#14,Carry,Wraith King,3004,138,51.4,5.8,50.7,52.1,33.3,48.8,61.4,"{'main': 4271, 'range_min': 3606, 'range_max': 4936}",Wraith King,0.0,0,46.0,63
70.0,#15,Carry,Ursa,3004,1656,50.4,19.6,51.6,49.3,52.0,51.4,49.0,"{'main': 4389, 'range_min': 3607, 'range_max': 5170}",Ursa,54.2,142,50.4,530
81.0,#16,Carry,Chaos Knight,3002,140,50.7,6.3,55.3,45.3,25.0,51.9,54.9,"{'main': 4449, 'range_min': 3697, 'range_max': 5201}",Chaos Knight,0.0,0,46.6,58
93.0,#17,Carry,Slark,3002,1044,50.9,13.1,51.9,49.9,42.2,51.5,50.8,"{'main': 4229, 'range_min': 3427, 'range_max': 5030}",Slark,56.4,101,51.6,477
97.0,#18,Carry,Magnus,3001,377,51.2,51.5,53.9,48.4,50.0,50.2,54.4,"{'main': 4609, 'range_min': 3916, 'range_max': 5303}",Magnus,68.4,19,51.6,215
19.0,#19,Carry,Tiny,3000,236,52.5,36.0,54.2,50.9,51.4,52.0,55.1,"{'main': 4160, 'range_min': 3597, 'range_max': 4722}",Tiny,72.7,11,53.2,141
80.0,#20,Carry,Lone Druid,3000,59,45.8,16.2,48.4,42.9,33.3,50.0,45.5,"{'main': 4499, 'range_min': 3766, 'range_max': 5233}",Lone Druid,0.0,0,48.3,29
32.0,#21,Carry,Riki,2999,85,50.6,8.8,51.1,50.0,53.8,51.0,47.6,"{'main': 4253, 'range_min': 3517, 'range_max': 4988}",Riki,0.0,0,52.8,36
38.0,#22,Carry,Beastmaster,2995,61,47.5,35.1,57.6,35.7,45.5,40.0,66.7,"{'main': 4453, 'range_min': 3541, 'range_max': 5365}",Beastmaster,0.0,0,44.7,38
61.0,#23,Carry,Broodmother,2992,320,49.4,29.2,46.7,52.3,34.8,52.4,46.2,"{'main': 4442, 'range_min': 3495, 'range_max': 5389}",Broodmother,58.1,31,50.5,212
102.0,#24,Carry,Abaddon,2992,65,58.5,26.3,59.5,57.1,57.9,58.8,58.3,"{'main': 4266, 'range_min': 3435, 'range_max': 5097}",Abaddon,0.0,0,60.7,28
12.0,#25,Carry,Phantom Lancer,2990,146,49.3,6.1,46.7,51.2,40.0,45.2,57.7,"{'main': 4293, 'range_min': 3516, 'range_max': 5071}",Phantom Lancer,0.0,0,45.8,48
89.0,#26,Carry,Naga Siren,2984,69,43.5,5.7,52.6,32.3,0.0,46.4,53.1,"{'main': 4144, 'range_min': 3321, 'range_max': 4968}",Naga Siren,0.0,0,45.7,35
35.0,#27,Carry,Sniper,2979,78,43.6,20.5,40.5,47.2,11.1,50.0,44.0,"{'main': 4368, 'range_min': 3595, 'range_max': 5141}",Sniper,60.0,10,45.5,44
6.0,#28,Carry,Drow Ranger,2976,1113,50.0,15.0,52.7,47.2,47.6,51.7,47.5,"{'main': 4448, 'range_min': 3652, 'range_max': 5244}",Drow Ranger,56.5,62,50.1,413
14.0,#29,Carry,Pudge,2970,69,36.2,75.6,25.8,44.7,38.7,37.0,27.3,"{'main': 4177, 'range_min': 2873, 'range_max': 5480}",Pudge,0.0,0,33.3,27
18.0,#30,Carry,Sven,2970,150,46.0,5.7,43.7,48.1,30.8,51.4,43.1,"{'main': 4298, 'range_min': 3635, 'range_max': 4962}",Sven,0.0,0,48.4,64
7.0,#31,Carry,Earthshaker,2965,78,38.5,43.7,35.9,41.0,31.3,39.1,43.8,"{'main': 4196, 'range_min': 3364, 'range_max': 5028}",Earthshaker,0.0,0,36.4,44
138.0,#32,Carry,Muerta,2962,243,46.9,20.2,46.6,47.4,36.1,48.2,50.0,"{'main': 4480, 'range_min': 3735, 'range_max': 5225}",Muerta,56.0,25,51.4,105
15.0,#33,Carry,Razor,2960,277,46.9,10.1,47.4,46.4,63.6,46.3,46.1,"{'main': 4414, 'range_min': 3721, 'range_max': 5108}",Razor,0.0,0,48.7,113
95.0,#34,Carry,Troll Warlord,2958,306,48.4,6.7,48.0,48.6,30.8,46.5,52.2,"{'main': 4268, 'range_min': 3501, 'range_max': 5036}",Troll Warlord,57.9,38,50.8,130
41.0,#35,Carry,Faceless Void,2951,255,45.9,6.4,44.3,47.6,36.7,45.6,49.0,"{'main': 3862, 'range_min': 3173, 'range_max': 4551}",Faceless Void,60.0,10,49.0,102
109.0,#36,Carry,Terrorblade,2944,1231,50.1,15.6,52.4,47.9,45.3,52.1,48.1,"{'main': 4460, 'range_min': 3736, 'range_max': 5185}",Terrorblade,52.3,88,48.7,686
11.0,#37,Carry,Shadow Fiend,2940,404,45.8,16.9,45.3,46.3,44.8,45.8,46.3,"{'main': 4640, 'range_min': 3757, 'range_max': 5524}",Shadow Fiend,44.4,36,47.5,118
63.0,#38,Carry,Weaver,2940,295,48.5,9.2,52.1,45.1,62.2,42.3,55.9,"{'main': 4453, 'range_min': 3720, 'range_max': 5186}",Weaver,37.5,56,50.4,119
48.0,#39,Carry,Luna,2938,180,44.4,7.4,50.0,38.9,36.1,43.8,56.3,"{'main': 4329, 'range_min': 3508, 'range_max': 5150}",Luna,0.0,0,41.4,70
53.0,#40,Carry,Nature's Prophet,2930,234,44.0,11.2,47.8,40.3,38.9,45.9,44.4,"{'main': 4307, 'range_min': 3542, 'range_max': 5072}",Nature's Prophet,42.1,19,45.8,118
54.0,#41,Carry,Lifestealer,2911,1334,48.6,18.3,47.9,49.2,43.2,47.7,50.1,"{'main': 4271, 'range_min': 3601, 'range_max': 4940}",Lifestealer,56.1,57,49.5,570
59.0,#42,Carry,Huskar,2904,87,25.3,33.2,29.3,21.7,33.3,24.4,22.6,"{'main': 3833, 'range_min': 3181, 'range_max': 4485}",Huskar,0.0,0,22.5,40
114.0,#43,Carry,Monkey King,2895,773,47.9,23.0,49.2,46.5,50.9,45.6,50.0,"{'main': 4393, 'range_min': 3700, 'range_max': 5086}",Monkey King,56.1,82,46.6,307
8.0,#44,Carry,Juggernaut,2885,682,46.6,12.2,44.5,48.9,38.1,46.7,48.5,"{'main': 4488, 'range_min': 3695, 'range_max': 5282}",Juggernaut,50.0,24,44.8,232
1.0,#45,Carry,Anti-Mage,2849,1706,48.2,23.6,48.3,48.1,36.6,47.1,50.7,"{'main': 4228, 'range_min': 3473, 'range_max': 4983}",Anti-Mage,45.2,62,47.8,642
44.0,#46,Carry,Phantom Assassin,2817,4851,49.8,49.3,50.2,49.4,45.3,50.5,49.5,"{'main': 4486, 'range_min': 3725, 'range_max': 5247}",Phantom Assassin,57.6,735,48.2,2272
49.0,#47,Carry,Dragon Knight,2816,2701,48.9,38.5,51.0,46.8,48.9,49.3,47.7,"{'main': 4598, 'range_min': 3928, 'range_max': 5268}",Dragon Knight,55.6,162,46.3,1267
46.0,#48,Carry,Templar Assassin,2790,1180,46.9,15.3,48.3,45.5,43.7,45.8,50.0,"{'main': 4616, 'range_min': 3903, 'range_max': 5329}",Templar Assassin,55.4,56,46.1,596
72.0,#49,Carry,Gyrocopter,2773,1514,47.2,15.7,47.4,47.0,39.8,48.0,47.4,"{'main': 4700, 'range_min': 3933, 'range_max': 5466}",Gyrocopter,52.9,34,48.3,747
40.0,#50,Carry,Venomancer,2385,779,32.1,21.8,33.1,30.8,35.3,28.8,30.0,"{'main': 4300, 'range_min': 3584, 'range_max': 5016}",Venomancer,70.0,10,31.5,343
2.0,#51,Carry,Axe,0,22,27.3,24.4,25.0,28.6,28.6,33.3,16.7,"{'main': 3579, 'range_min': 2786, 'range_max': 4372}",Axe,0.0,0,33.3,6
3.0,#52,Carry,Bane,0,1,0.0,7.4,0.0,0.0,0.0,0.0,0.0,"{'main': 0, 'range_min': 0, 'range_max': 0}",Bane,0.0,0,0.0,1
5.0,#53,Carry,Crystal Maiden,0,4,25.0,13.3,0.0,33.3,0.0,33.3,0.0,"{'main': 2610, 'range_min': 1809, 'range_max': 3411}",Crystal Maiden,0.0,0,0.0,1
9.0,#54,Carry,Mirana,0,10,30.0,6.7,50.0,0.0,50.0,25.0,0.0,"{'main': 4784, 'range_min': 3497, 'range_max': 6070}",Mirana,0.0,0,0.0,2
13.0,#55,Carry,Puck,0,4,25.0,38.0,25.0,0.0,100.0,0.0,0.0,"{'main': 1267, 'range_min': 1267, 'range_max': 1267}",Puck,0.0,0,33.3,3
16.0,#56,Carry,Sand King,0,4,25.0,11.6,50.0,0.0,100.0,0.0,0.0,"{'main': 4035, 'range_min': 3293, 'range_max': 4777}",Sand King,0.0,0,0.0,0
17.0,#57,Carry,Storm Spirit,0,9,66.7,16.3,60.0,75.0,33.3,75.0,100.0,"{'main': 3716, 'range_min': 3274, 'range_max': 4159}",Storm Spirit,0.0,0,80.0,5
20.0,#58,Carry,Vengeful Spirit,0,40,45.0,11.1,45.5,44.4,57.1,33.3,58.3,"{'main': 4009, 'range_min': 3300, 'range_max': 4719}",Vengeful Spirit,0.0,0,38.5,13
21.0,#59,Carry,Windranger,0,40,47.5,8.0,45.5,50.0,66.7,52.2,27.3,"{'main': 4647, 'range_min': 3677, 'range_max': 5618}",Windranger,0.0,0,53.8,13
22.0,#60,Carry,Zeus,0,12,16.7,44.8,0.0,25.0,12.5,0.0,50.0,"{'main': 3667, 'range_min': 2365, 'range_max': 4970}",Zeus,0.0,0,0.0,7
23.0,#61,Carry,Kunkka,0,2,50.0,5.8,50.0,0.0,0.0,0.0,100.0,"{'main': 5286, 'range_min': 4948, 'range_max': 5624}",Kunkka,0.0,0,0.0,0
25.0,#62,Carry,Lina,0,44,36.4,83.9,33.3,40.0,40.7,18.2,50.0,"{'main': 3934, 'range_min': 3076, 'range_max': 4791}",Lina,0.0,0,53.3,15
31.0,#63,Carry,Lich,0,6,16.7,83.3,25.0,0.0,16.7,0.0,0.0,"{'main': 2321, 'range_min': 2071, 'range_max': 2570}",Lich,0.0,0,0.0,4
26.0,#64,Carry,Lion,0,16,31.3,47.4,37.5,25.0,45.5,0.0,0.0,"{'main': 3913, 'range_min': 2953, 'range_max': 4873}",Lion,0.0,0,0.0,3
27.0,#65,Carry,Shadow Shaman,0,2,0.0,20.0,0.0,0.0,0.0,0.0,0.0,"{'main': 2457, 'range_min': 2077, 'range_max': 2837}",Shadow Shaman,0.0,0,0.0,0
28.0,#66,Carry,Slardar,0,7,42.9,7.0,60.0,0.0,0.0,66.7,50.0,"{'main': 4045, 'range_min': 3707, 'range_max': 4384}",Slardar,0.0,0,25.0,4
29.0,#67,Carry,Tidehunter,0,27,48.1,19.5,40.0,58.3,50.0,45.5,50.0,"{'main': 4227, 'range_min': 3408, 'range_max': 5046}",Tidehunter,0.0,0,45.5,11
30.0,#68,Carry,Witch Doctor,0,5,20.0,15.6,33.3,0.0,0.0,0.0,33.3,"{'main': 4028, 'range_min': 4028, 'range_max': 4028}",Witch Doctor,0.0,0,0.0,4
33.0,#69,Carry,Enigma,0,25,40.0,14.9,50.0,30.8,0.0,38.9,60.0,"{'main': 3709, 'range_min': 3411, 'range_max': 4007}",Enigma,0.0,0,47.1,17
34.0,#70,Carry,Tinker,0,9,0.0,14.6,0.0,0.0,0.0,0.0,0.0,"{'main': 3145, 'range_min': 2786, 'range_max': 3503}",Tinker,0.0,0,0.0,2
36.0,#71,Carry,Necrophos,0,17,52.9,7.4,75.0,46.2,0.0,50.0,55.6,"{'main': 4225, 'range_min': 3530, 'range_max': 4919}",Necrophos,0.0,0,60.0,5
37.0,#72,Carry,Warlock,0,3,33.3,7.6,50.0,0.0,33.3,0.0,0.0,"{'main': 3469, 'range_min': 2567, 'range_max': 4371}",Warlock,0.0,0,0.0,1
39.0,#73,Carry,Queen of Pain,0,13,53.8,35.1,42.9,66.7,0.0,55.6,66.7,"{'main': 4284, 'range_min': 2779, 'range_max': 5790}",Queen of Pain,0.0,0,40.0,5
43.0,#74,Carry,Death Prophet,0,3,33.3,5.8,50.0,0.0,100.0,0.0,0.0,"{'main': 4187, 'range_min': 4187, 'range_max': 4187}",Death Prophet,0.0,0,50.0,2
45.0,#75,Carry,Pugna,0,5,0.0,14.1,0.0,0.0,0.0,0.0,0.0,"{'main': 2960, 'range_min': 2778, 'range_max': 3141}",Pugna,0.0,0,0.0,3
47.0,#76,Carry,Viper,0,19,42.1,10.8,33.3,50.0,66.7,27.3,60.0,"{'main': 4048, 'range_min': 3083, 'range_max': 5012}",Viper,0.0,0,44.4,9
50.0,#77,Carry,Dazzle,0,4,25.0,6.6,0.0,33.3,0.0,0.0,100.0,"{'main': 3490, 'range_min': 1845, 'range_max': 5135}",Dazzle,0.0,0,50.0,2
51.0,#78,Carry,Clockwerk,0,2,0.0,38.2,0.0,0.0,0.0,0.0,0.0,"{'main': 1980, 'range_min': 1980, 'range_max': 1980}",Clockwerk,0.0,0,0.0,1
52.0,#79,Carry,Leshrac,0,6,33.3,8.8,0.0,40.0,50.0,0.0,50.0,"{'main': 3207, 'range_min': 1781, 'range_max': 4633}",Leshrac,0.0,0,33.3,3
55.0,#80,Carry,Dark Seer,0,3,0.0,6.1,0.0,0.0,0.0,0.0,0.0,"{'main': 3163, 'range_min': 3032, 'range_max': 3293}",Dark Seer,0.0,0,0.0,1
57.0,#81,Carry,Omniknight,0,8,62.5,8.0,57.1,100.0,0.0,66.7,100.0,"{'main': 4493, 'range_min': 3944, 'range_max': 5043}",Omniknight,0.0,0,50.0,4
58.0,#82,Carry,Enchantress,0,4,0.0,7.9,0.0,0.0,0.0,0.0,0.0,"{'main': 0, 'range_min': 0, 'range_max': 0}",Enchantress,0.0,0,0.0,4
62.0,#83,Carry,Bounty Hunter,0,7,0.0,31.3,0.0,0.0,0.0,0.0,0.0,"{'main': 3811, 'range_min': 2873, 'range_max': 4749}",Bounty Hunter,0.0,0,0.0,3
64.0,#84,Carry,Jakiro,0,27,88.9,11.6,92.3,85.7,100.0,87.5,77.8,"{'main': 4162, 'range_min': 3039, 'range_max': 5285}",Jakiro,0.0,0,94.4,18
65.0,#85,Carry,Batrider,0,7,42.9,14.2,33.3,50.0,0.0,50.0,66.7,"{'main': 3462, 'range_min': 2591, 'range_max': 4334}",Batrider,0.0,0,25.0,4
66.0,#86,Carry,Chen,0,3,33.3,7.0,0.0,50.0,0.0,0.0,50.0,"{'main': 2507, 'range_min': 2388, 'range_max': 2626}",Chen,0.0,0,100.0,1
68.0,#87,Carry,Ancient Apparition,0,4,25.0,8.4,0.0,33.3,0.0,0.0,50.0,"{'main': 0, 'range_min': 0, 'range_max': 0}",Ancient Apparition,0.0,0,25.0,4
71.0,#88,Carry,Spirit Breaker,0,3,0.0,14.5,0.0,0.0,0.0,0.0,0.0,"{'main': 2559, 'range_min': 2559, 'range_max': 2559}",Spirit Breaker,0.0,0,0.0,2
74.0,#89,Carry,Invoker,0,13,30.8,37.1,28.6,33.3,0.0,40.0,28.6,"{'main': 4234, 'range_min': 3362, 'range_max': 5105}",Invoker,0.0,0,22.2,9
75.0,#90,Carry,Silencer,0,34,29.4,16.6,25.0,31.8,18.2,31.3,42.9,"{'main': 4073, 'range_min': 3324, 'range_max': 4822}",Silencer,23.1,13,10.0,10
76.0,#91,Carry,Outworld Destroyer,0,2,50.0,10.9,50.0,0.0,0.0,0.0,100.0,"{'main': 4390, 'range_min': 3481, 'range_max': 5299}",,0.0,0,0.0,0
78.0,#92,Carry,Brewmaster,0,13,23.1,8.6,0.0,37.5,0.0,10.0,66.7,"{'main': 3829, 'range_min': 3189, 'range_max': 4469}",Brewmaster,25.0,12,66.7,3
79.0,#93,Carry,Shadow Demon,0,8,12.5,29.5,0.0,16.7,50.0,0.0,0.0,"{'main': 2718, 'range_min': 1844, 'range_max': 3592}",Shadow Demon,0.0,0,0.0,1
83.0,#94,Carry,Treant Protector,0,8,12.5,6.1,25.0,0.0,50.0,0.0,0.0,"{'main': 2902, 'range_min': 2093, 'range_max': 3711}",Treant Protector,0.0,0,0.0,3
84.0,#95,Carry,Ogre Magi,0,15,40.0,37.7,42.9,37.5,40.0,25.0,100.0,"{'main': 3386, 'range_min': 2178, 'range_max': 4593}",Ogre Magi,0.0,0,50.0,6
85.0,#96,Carry,Undying,0,6,0.0,11.3,0.0,0.0,0.0,0.0,0.0,"{'main': 3266, 'range_min': 1419, 'range_max': 5113}",Undying,0.0,0,0.0,3
86.0,#97,Carry,Rubick,0,4,50.0,37.9,66.7,0.0,0.0,100.0,0.0,"{'main': 2972, 'range_min': 1549, 'range_max': 4394}",Rubick,0.0,0,100.0,1
87.0,#98,Carry,Disruptor,0,5,20.0,13.0,25.0,0.0,0.0,0.0,50.0,"{'main': 2124, 'range_min': 1769, 'range_max': 2479}",Disruptor,0.0,0,0.0,2
88.0,#99,Carry,Nyx Assassin,0,39,30.8,71.7,20.0,42.1,30.0,30.8,33.3,"{'main': 3289, 'range_min': 2644, 'range_max': 3933}",Nyx Assassin,0.0,0,18.2,11
90.0,#100,Carry,Keeper of the Light,0,2,0.0,8.1,0.0,0.0,0.0,0.0,0.0,"{'main': 0, 'range_min': 0, 'range_max': 0}",Keeper of the Light,0.0,0,0.0,2
91.0,#101,Carry,Io,0,7,14.3,13.2,20.0,0.0,20.0,0.0,0.0,"{'main': 3697, 'range_min': 2746, 'range_max': 4648}",Io,0.0,0,25.0,4
92.0,#102,Carry,Visage,0,3,33.3,17.1,50.0,0.0,100.0,0.0,0.0,"{'main': 4408, 'range_min': 3916, 'range_max': 4899}",Visage,0.0,0,0.0,1
96.0,#103,Carry,Centaur Warrunner,0,6,16.7,7.8,25.0,0.0,0.0,50.0,0.0,"{'main': 3751, 'range_min': 2395, 'range_max': 5106}",Centaur Warrunner,0.0,0,25.0,4
98.0,#104,Carry,Timbersaw,0,18,50.0,23.1,50.0,50.0,50.0,100.0,38.5,"{'main': 3832, 'range_min': 3289, 'range_max': 4374}",Timbersaw,0.0,0,83.3,6
100.0,#105,Carry,Tusk,0,3,66.7,17.3,100.0,0.0,0.0,100.0,50.0,"{'main': 4719, 'range_min': 4438, 'range_max': 4999}",Tusk,0.0,0,0.0,1
101.0,#106,Carry,Skywrath Mage,0,2,0.0,7.5,0.0,0.0,0.0,0.0,0.0,"{'main': 2088, 'range_min': 2088, 'range_max': 2088}",Skywrath Mage,0.0,0,0.0,1
103.0,#107,Carry,Elder Titan,0,4,0.0,8.4,0.0,0.0,0.0,0.0,0.0,"{'main': 3192, 'range_min': 2596, 'range_max': 3788}",Elder Titan,0.0,0,0.0,1
104.0,#108,Carry,Legion Commander,0,37,40.5,25.3,53.8,33.3,66.7,44.0,22.2,"{'main': 3598, 'range_min': 2805, 'range_max': 4391}",Legion Commander,0.0,0,41.2,17
106.0,#109,Carry,Ember Spirit,0,24,41.7,17.4,50.0,37.5,50.0,33.3,57.1,"{'main': 4556, 'range_min': 4010, 'range_max': 5102}",Ember Spirit,0.0,0,40.0,15
107.0,#110,Carry,Earth Spirit,0,2,50.0,14.9,100.0,0.0,0.0,100.0,0.0,"{'main': 3798, 'range_min': 3798, 'range_max': 3798}",Earth Spirit,0.0,0,100.0,1
110.0,#111,Carry,Phoenix,0,10,50.0,31.7,25.0,66.7,50.0,50.0,50.0,"{'main': 4513, 'range_min': 4284, 'range_max': 4742}",Phoenix,0.0,0,33.3,6
111.0,#112,Carry,Oracle,0,4,25.0,9.2,0.0,33.3,50.0,0.0,0.0,"{'main': 2364, 'range_min': 2364, 'range_max': 2364}",Oracle,0.0,0,33.3,3
105.0,#113,Carry,Techies,0,7,0.0,8.5,0.0,0.0,0.0,0.0,0.0,"{'main': 3725, 'range_min': 2811, 'range_max': 4639}",Techies,0.0,0,0.0,1
112.0,#114,Carry,Winter Wyvern,0,7,14.3,9.1,0.0,20.0,0.0,25.0,0.0,"{'main': 1911, 'range_min': 1671, 'range_max': 2150}",Winter Wyvern,0.0,0,20.0,5
113.0,#115,Carry,Arc Warden,0,22,40.9,9.6,53.8,22.2,0.0,50.0,45.5,"{'main': 3848, 'range_min': 2981, 'range_max': 4715}",Arc Warden,0.0,0,0.0,5
108.0,#116,Carry,Underlord,0,0,0.0,6.1,0.0,0.0,0.0,0.0,0.0,"{'main': 0, 'range_min': 0, 'range_max': 0}",Underlord,0.0,0,0.0,0
120.0,#117,Carry,Pangolier,0,12,33.3,13.1,0.0,44.4,0.0,42.9,33.3,"{'main': 4251, 'range_min': 3488, 'range_max': 5013}",Pangolier,0.0,0,25.0,8
119.0,#118,Carry,Dark Willow,0,18,44.4,15.6,40.0,50.0,0.0,50.0,66.7,"{'main': 4394, 'range_min': 3687, 'range_max': 5101}",Dark Willow,0.0,0,45.5,11
121.0,#119,Carry,Grimstroke,0,3,66.7,7.8,100.0,50.0,50.0,100.0,0.0,"{'main': 0, 'range_min': 0, 'range_max': 0}",Grimstroke,0.0,0,66.7,3
129.0,#120,Carry,Mars,0,1,100.0,17.4,0.0,100.0,0.0,0.0,100.0,"{'main': 4097, 'range_min': 4097, 'range_max': 4097}",Mars,0.0,0,0.0,0
126.0,#121,Carry,Void Spirit,0,39,28.2,7.7,23.5,31.8,12.5,29.2,42.9,"{'main': 4115, 'range_min': 3377, 'range_max': 4853}",Void Spirit,0.0,0,27.8,18
128.0,#122,Carry,Snapfire,0,7,14.3,7.0,0.0,20.0,20.0,0.0,0.0,"{'main': 3369, 'range_min': 2047, 'range_max': 4690}",Snapfire,0.0,0,0.0,3
123.0,#123,Carry,Hoodwink,0,1,100.0,11.8,0.0,100.0,0.0,0.0,100.0,"{'main': 4050, 'range_min': 4050, 'range_max': 4050}",Hoodwink,0.0,0,0.0,0
135.0,#124,Carry,Dawnbreaker,0,49,40.8,44.0,48.0,33.3,66.7,42.4,30.8,"{'main': 4175, 'range_min': 3247, 'range_max': 5103}",Dawnbreaker,0.0,0,35.0,20
137.0,#125,Carry,Primal Beast,0,3,33.3,9.8,33.3,0.0,0.0,50.0,0.0,"{'main': 0, 'range_min': 0, 'range_max': 0}",Primal Beast,0.0,0,33.3,3
131.0,#126,Carry,Ringmaster,0,0,0.0,12.5,0.0,0.0,0.0,0.0,0.0,"{'main': 0, 'range_min': 0, 'range_max': 0}",Ringmaster,0.0,0,0.0,0
106.0,#1,Mid,Ember Spirit,3291,2471,53.6,17.4,55.8,51.4,50.4,54.6,53.4,"{'main': 4128, 'range_min': 3394, 'range_max': 4861}",Ember Spirit,55.3,416,53.3,1312
13.0,#2,Mid,Puck,3230,3113,52.6,38.0,54.8,50.3,44.1,52.4,52.9,"{'main': 4173, 'range_min': 3505, 'range_max': 4842}",Puck,61.5,416,53.9,1453
7.0,#3,Mid,Earthshaker,3229,2409,53.0,43.7,54.6,51.4,45.9,51.9,54.6,"{'main': 4190, 'range_min': 3478, 'range_max': 4902}",Earthshaker,56.4,282,55.6,1216
107.0,#4,Mid,Earth Spirit,3182,1514,53.9,14.9,54.1,53.7,43.4,53.5,56.1,"{'main': 4130, 'range_min': 3409, 'range_max': 4850}",Earth Spirit,50.5,194,53.4,895
114.0,#5,Mid,Monkey King,3181,1690,53.6,23.0,54.0,53.2,53.3,53.5,53.7,"{'main': 4332, 'range_min': 3512, 'range_max': 5151}",Monkey King,59.9,307,54.3,921
61.0,#6,Mid,Broodmother,3080,707,53.7,29.2,56.9,50.6,54.7,51.3,54.4,"{'main': 4643, 'range_min': 3669, 'range_max': 5618}",Broodmother,60.0,155,51.8,342
47.0,#7,Mid,Viper,3075,406,55.7,10.8,58.8,52.3,37.5,55.2,56.2,"{'main': 4301, 'range_min': 3610, 'range_max': 4992}",Viper,60.0,10,56.0,182
136.0,#8,Mid,Marci,3041,217,55.3,19.5,56.9,53.5,57.8,55.2,50.0,"{'main': 4205, 'range_min': 3282, 'range_max': 5129}",Marci,63.1,65,50.0,64
82.0,#9,Mid,Meepo,3037,346,52.9,14.7,50.8,55.3,27.3,48.3,54.9,"{'main': 4592, 'range_min': 3853, 'range_max': 5331}",Meepo,57.1,163,52.1,140
113.0,#10,Mid,Arc Warden,3034,243,53.9,9.6,61.0,47.2,61.3,57.7,50.4,"{'main': 4532, 'range_min': 3619, 'range_max': 5444}",Arc Warden,59.5,74,54.1,74
56.0,#11,Mid,Clinkz,3030,81,59.3,6.0,59.1,59.5,63.6,52.8,64.7,"{'main': 4524, 'range_min': 4026, 'range_max': 5021}",Clinkz,60.0,10,55.3,38
77.0,#12,Mid,Lycan,3029,308,52.6,35.9,51.5,54.0,47.4,54.3,53.2,"{'main': 4358, 'range_min': 3658, 'range_max': 5059}",Lycan,58.9,56,49.2,128
99.0,#13,Mid,Bristleback,3029,93,59.1,30.3,58.3,60.0,83.3,53.6,53.2,"{'main': 4613, 'range_min': 3908, 'range_max': 5318}",Bristleback,85.0,20,56.0,50
52.0,#14,Mid,Leshrac,3023,431,51.0,8.8,52.0,50.0,48.6,46.1,53.4,"{'main': 4483, 'range_min': 3754, 'range_max': 5212}",Leshrac,63.6,33,44.5,155
80.0,#15,Mid,Lone Druid,3022,369,51.5,16.2,56.8,47.0,52.5,44.9,55.6,"{'main': 4677, 'range_min': 3922, 'range_max': 5432}",Lone Druid,59.8,174,52.5,141
92.0,#16,Mid,Visage,3021,214,52.3,17.1,52.4,52.3,38.9,56.5,52.4,"{'main': 4490, 'range_min': 3471, 'range_max': 5509}",Visage,66.2,71,46.4,84
23.0,#17,Mid,Kunkka,3018,97,52.6,5.8,51.1,53.8,33.3,43.5,58.5,"{'main': 4490, 'range_min': 3695, 'range_max': 5285}",Kunkka,66.7,15,57.8,45
50.0,#18,Mid,Dazzle,3018,54,59.3,6.6,57.1,61.5,20.0,53.8,66.7,"{'main': 4661, 'range_min': 4084, 'range_max': 5238}",Dazzle,80.8,26,73.9,23
90.0,#19,Mid,Keeper of the Light,3017,430,51.6,8.1,47.7,55.7,51.4,50.3,52.7,"{'main': 4798, 'range_min': 4077, 'range_max': 5519}",Keeper of the Light,67.4,129,52.3,220
88.0,#20,Mid,Nyx Assassin,3016,156,53.2,71.7,51.9,54.7,56.3,52.1,51.7,"{'main': 4152, 'range_min': 3483, 'range_max': 4821}",Nyx Assassin,0.0,0,54.5,66
86.0,#21,Mid,Rubick,3015,262,52.7,37.9,53.1,52.3,52.8,53.2,52.3,"{'main': 4120, 'range_min': 3494, 'range_max': 4746}",Rubick,0.0,0,55.1,89
145.0,#22,Mid,Kez,3012,1040,51.2,43.4,51.1,51.4,47.9,54.0,54.6,"{'main': 4375, 'range_min': 3609, 'range_max': 5140}",Kez,54.3,359,49.2,476
69.0,#23,Mid,Doom,3005,77,51.9,32.0,51.4,52.4,25.0,38.1,59.6,"{'main': 4502, 'range_min': 3792, 'range_max': 5212}",Doom,0.0,0,52.6,38
135.0,#24,Mid,Dawnbreaker,3003,131,50.4,44.0,55.7,45.7,41.7,46.0,57.9,"{'main': 4422, 'range_min': 3660, 'range_max': 5183}",Dawnbreaker,0.0,0,42.6,61
45.0,#25,Mid,Pugna,3002,59,44.1,14.1,42.3,45.5,41.7,37.0,55.0,"{'main': 4168, 'range_min': 3285, 'range_max': 5052}",Pugna,0.0,0,51.9,27
137.0,#26,Mid,Primal Beast,3002,329,51.4,9.8,49.7,53.2,31.6,53.2,52.4,"{'main': 4379, 'range_min': 3642, 'range_max': 5116}",Primal Beast,63.3,30,47.6,168
70.0,#27,Mid,Ursa,3001,50,48.0,19.6,48.0,48.0,50.0,30.8,54.3,"{'main': 4074, 'range_min': 3344, 'range_max': 4804}",Ursa,59.1,22,53.1,32
65.0,#28,Mid,Batrider,2997,121,50.4,14.2,46.9,54.4,36.4,47.8,52.9,"{'main': 4316, 'range_min': 3508, 'range_max': 5124}",Batrider,80.0,10,46.9,49
4.0,#29,Mid,Bloodseeker,2996,66,50.0,36.9,45.7,54.8,28.6,47.1,54.8,"{'main': 4058, 'range_min': 3451, 'range_max': 4664}",Bloodseeker,0.0,0,55.0,20
53.0,#30,Mid,Nature's Prophet,2993,326,49.1,11.2,46.4,51.9,42.0,50.0,51.8,"{'main': 4639, 'range_min': 3883, 'range_max': 5394}",Nature's Prophet,58.5,41,45.1,182
15.0,#31,Mid,Razor,2988,170,48.2,10.1,52.4,44.3,44.4,45.5,49.6,"{'main': 4173, 'range_min': 3455, 'range_max': 4891}",Razor,63.2,19,55.8,77
16.0,#32,Mid,Sand King,2986,189,48.7,11.6,47.7,50.0,42.9,61.9,42.0,"{'main': 4210, 'range_min': 3403, 'range_max': 5016}",Sand King,0.0,0,52.6,78
129.0,#33,Mid,Mars,2985,80,61.3,17.4,57.5,65.0,85.7,66.7,40.6,"{'main': 4084, 'range_min': 3326, 'range_max': 4843}",Mars,0.0,0,73.0,37
38.0,#34,Mid,Beastmaster,2979,68,45.6,35.1,43.2,48.4,42.9,46.2,45.7,"{'main': 4766, 'range_min': 4036, 'range_max': 5496}",Beastmaster,0.0,0,37.2,43
97.0,#35,Mid,Magnus,2974,1128,50.5,51.5,53.0,48.0,50.4,48.9,51.6,"{'main': 4386, 'range_min': 3680, 'range_max': 5093}",Magnus,57.3,82,49.8,612
59.0,#36,Mid,Huskar,2973,1335,50.6,33.2,55.8,45.8,70.7,44.5,50.6,"{'main': 4645, 'range_min': 3808, 'range_max': 5482}",Huskar,55.9,254,50.1,539
32.0,#37,Mid,Riki,2971,72,41.7,8.8,36.4,46.2,28.6,52.6,39.1,"{'main': 4215, 'range_min': 3533, 'range_max': 4898}",Riki,0.0,0,24.0,25
104.0,#38,Mid,Legion Commander,2971,66,50.0,25.3,45.9,55.2,83.3,76.9,38.3,"{'main': 3865, 'range_min': 3242, 'range_max': 4489}",Legion Commander,0.0,0,50.0,32
60.0,#39,Mid,Night Stalker,2967,91,41.8,33.7,39.3,45.7,25.0,33.3,52.3,"{'main': 4118, 'range_min': 3461, 'range_max': 4775}",Night Stalker,0.0,0,41.7,36
62.0,#40,Mid,Bounty Hunter,2966,148,46.6,31.3,53.8,38.6,48.7,35.9,51.4,"{'main': 4559, 'range_min': 3587, 'range_max': 5531}",Bounty Hunter,32.4,37,45.2,62
74.0,#41,Mid,Invoker,2963,2989,50.3,37.1,49.2,51.3,50.4,51.6,49.2,"{'main': 4182, 'range_min': 3523, 'range_max': 4840}",Invoker,55.4,697,51.7,1388
43.0,#42,Mid,Death Prophet,2961,83,41.0,5.8,34.9,47.5,16.7,40.7,44.0,"{'main': 4439, 'range_min': 3576, 'range_max': 5302}",Death Prophet,0.0,0,48.4,31
26.0,#43,Mid,Lion,2960,59,35.6,47.4,30.0,41.4,38.9,37.5,32.0,"{'main': 4000, 'range_min': 3240, 'range_max': 4761}",Lion,0.0,0,25.0,16
34.0,#44,Mid,Tinker,2957,253,45.5,14.6,45.5,45.4,44.4,47.0,44.4,"{'main': 4431, 'range_min': 3730, 'range_max': 5132}",Tinker,47.4,57,49.1,108
36.0,#45,Mid,Necrophos,2948,318,46.5,7.4,50.9,42.0,23.8,45.0,48.9,"{'main': 4477, 'range_min': 3672, 'range_max': 5283}",Necrophos,59.0,39,45.7,70
73.0,#46,Mid,Alchemist,2947,173,43.4,58.6,44.7,41.8,47.4,39.3,44.3,"{'main': 5554, 'range_min': 4487, 'range_max': 6622}",Alchemist,0.0,0,42.5,73
22.0,#47,Mid,Zeus,2944,590,48.1,44.8,48.2,48.1,34.1,45.6,53.8,"{'main': 4432, 'range_min': 3736, 'range_max': 5129}",Zeus,60.0,10,47.7,216
49.0,#48,Mid,Dragon Knight,2942,190,43.7,38.5,41.3,46.5,44.1,50.0,38.6,"{'main': 4496, 'range_min': 3742, 'range_max': 5249}",Dragon Knight,0.0,0,45.6,79
126.0,#49,Mid,Void Spirit,2938,621,48.8,7.7,51.4,46.1,35.3,51.6,48.1,"{'main': 4128, 'range_min': 3463, 'range_max': 4792}",Void Spirit,59.2,49,44.0,200
21.0,#50,Mid,Windranger,2935,135,47.4,8.0,48.6,46.0,64.3,42.0,43.9,"{'main': 3947, 'range_min': 3215, 'range_max': 4678}",Windranger,0.0,0,57.9,38
17.0,#51,Mid,Storm Spirit,2933,2016,49.9,16.3,49.2,50.5,41.4,47.2,51.4,"{'main': 4203, 'range_min': 3506, 'range_max': 4900}",Storm Spirit,59.7,300,50.9,848
120.0,#52,Mid,Pangolier,2926,1060,48.9,13.1,48.6,49.1,34.3,48.7,49.6,"{'main': 4314, 'range_min': 3578, 'range_max': 5049}",Pangolier,48.7,78,47.2,651
46.0,#53,Mid,Templar Assassin,2920,591,46.4,15.3,47.3,45.5,47.8,44.9,46.9,"{'main': 4488, 'range_min': 3674, 'range_max': 5303}",Templar Assassin,53.5,114,43.0,265
14.0,#54,Mid,Pudge,2910,180,38.9,75.6,45.4,31.3,43.6,26.2,40.5,"{'main': 4141, 'range_min': 3281, 'range_max': 5002}",Pudge,0.0,0,43.5,62
10.0,#55,Mid,Morphling,2904,135,32.6,55.4,35.4,30.0,36.4,23.3,37.5,"{'main': 4110, 'range_min': 3405, 'range_max': 4814}",Morphling,0.0,0,37.3,59
110.0,#56,Mid,Phoenix,2891,449,44.3,31.7,45.6,43.0,45.2,40.1,46.6,"{'main': 4389, 'range_min': 3658, 'range_max': 5120}",Phoenix,55.6,27,46.6,234
98.0,#57,Mid,Timbersaw,2881,582,47.4,23.1,47.3,47.5,56.5,48.5,46.7,"{'main': 4285, 'range_min': 3572, 'range_max': 4998}",Timbersaw,44.7,38,53.4,279
76.0,#58,Mid,Outworld Destroyer,2856,468,42.1,10.9,42.8,41.4,23.8,28.2,46.1,"{'main': 4020, 'range_min': 3345, 'range_max': 4696}",,39.3,28,36.0,111
11.0,#59,Mid,Shadow Fiend,2839,681,44.3,16.9,47.0,41.6,41.3,45.5,45.3,"{'main': 4475, 'range_min': 3736, 'range_max': 5214}",Shadow Fiend,45.3,53,41.6,269
19.0,#60,Mid,Tiny,2815,3601,49.5,36.0,50.4,48.6,46.4,48.7,50.5,"{'main': 4211, 'range_min': 3571, 'range_max': 4851}",Tiny,56.5,434,48.5,1936
35.0,#61,Mid,Sniper,2758,1251,45.8,20.5,48.2,43.4,38.9,38.8,49.7,"{'main': 4525, 'range_min': 3852, 'range_max': 5197}",Sniper,48.2,137,48.2,560
25.0,#62,Mid,Lina,2751,5209,49.7,83.9,50.1,49.4,49.8,47.6,52.3,"{'main': 4441, 'range_min': 3737, 'range_max': 5145}",Lina,52.7,664,48.5,2371
39.0,#63,Mid,Queen of Pain,2536,3202,47.6,35.1,49.5,45.7,43.8,50.8,46.4,"{'main': 4240, 'range_min': 3522, 'range_max': 4958}",Queen of Pain,52.1,382,45.3,1305
1.0,#64,Mid,Anti-Mage,0,36,36.1,23.6,44.4,27.8,100.0,0.0,35.5,"{'main': 3500, 'range_min': 2766, 'range_max': 4234}",Anti-Mage,0.0,0,62.5,8
2.0,#65,Mid,Axe,0,17,29.4,24.4,36.4,16.7,33.3,60.0,0.0,"{'main': 4423, 'range_min': 3736, 'range_max': 5110}",Axe,0.0,0,25.0,8
3.0,#66,Mid,Bane,0,43,48.8,7.4,50.0,47.4,54.5,50.0,43.8,"{'main': 4063, 'range_min': 3540, 'range_max': 4586}",Bane,53.8,13,16.7,12
5.0,#67,Mid,Crystal Maiden,0,3,33.3,13.3,50.0,0.0,0.0,100.0,0.0,"{'main': 3947, 'range_min': 3429, 'range_max': 4465}",Crystal Maiden,0.0,0,0.0,0
6.0,#68,Mid,Drow Ranger,0,10,50.0,15.0,60.0,40.0,60.0,50.0,33.3,"{'main': 3407, 'range_min': 2341, 'range_max': 4473}",Drow Ranger,0.0,0,0.0,1
8.0,#69,Mid,Juggernaut,0,6,33.3,12.2,40.0,0.0,33.3,0.0,100.0,"{'main': 3597, 'range_min': 2951, 'range_max': 4243}",Juggernaut,0.0,0,0.0,1
9.0,#70,Mid,Mirana,0,12,41.7,6.7,42.9,40.0,0.0,40.0,50.0,"{'main': 4240, 'range_min': 3628, 'range_max': 4851}",Mirana,0.0,0,75.0,4
12.0,#71,Mid,Phantom Lancer,0,1,0.0,6.1,0.0,0.0,0.0,0.0,0.0,"{'main': 0, 'range_min': 0, 'range_max': 0}",Phantom Lancer,0.0,0,0.0,1
18.0,#72,Mid,Sven,0,1,0.0,5.7,0.0,0.0,0.0,0.0,0.0,"{'main': 2923, 'range_min': 2923, 'range_max': 2923}",Sven,0.0,0,0.0,0
20.0,#73,Mid,Vengeful Spirit,0,37,54.1,11.1,61.5,36.4,25.0,70.0,52.2,"{'main': 4186, 'range_min': 3616, 'range_max': 4757}",Vengeful Spirit,0.0,0,66.7,6
31.0,#74,Mid,Lich,0,17,41.2,83.3,33.3,50.0,35.7,0.0,66.7,"{'main': 3241, 'range_min': 2580, 'range_max': 3902}",Lich,0.0,0,40.0,5
27.0,#75,Mid,Shadow Shaman,0,6,66.7,20.0,75.0,50.0,75.0,0.0,50.0,"{'main': 3894, 'range_min': 2973, 'range_max': 4815}",Shadow Shaman,0.0,0,0.0,1
28.0,#76,Mid,Slardar,0,47,46.8,7.0,47.1,46.7,0.0,50.0,50.0,"{'main': 4016, 'range_min': 3085, 'range_max': 4947}",Slardar,0.0,0,60.9,23
29.0,#77,Mid,Tidehunter,0,20,50.0,19.5,44.4,54.5,0.0,50.0,63.6,"{'main': 4289, 'range_min': 3592, 'range_max': 4986}",Tidehunter,0.0,0,57.1,7
30.0,#78,Mid,Witch Doctor,0,4,25.0,15.6,0.0,33.3,0.0,0.0,25.0,"{'main': 3293, 'range_min': 2874, 'range_max': 3712}",Witch Doctor,0.0,0,0.0,0
33.0,#79,Mid,Enigma,0,31,48.4,14.9,46.7,50.0,100.0,50.0,38.5,"{'main': 4966, 'range_min': 4040, 'range_max': 5892}",Enigma,54.5,11,61.1,18
37.0,#80,Mid,Warlock,0,4,50.0,7.6,66.7,0.0,0.0,33.3,100.0,"{'main': 3723, 'range_min': 2816, 'range_max': 4630}",Warlock,0.0,0,0.0,0
40.0,#81,Mid,Venomancer,0,17,17.6,21.8,25.0,11.1,0.0,33.3,16.7,"{'main': 4535, 'range_min': 3803, 'range_max': 5266}",Venomancer,0.0,0,12.5,8
41.0,#82,Mid,Faceless Void,0,7,42.9,6.4,33.3,50.0,0.0,50.0,33.3,"{'main': 3899, 'range_min': 3430, 'range_max': 4368}",Faceless Void,0.0,0,33.3,3
42.0,#83,Mid,Wraith King,0,5,40.0,5.8,50.0,33.3,0.0,66.7,0.0,"{'main': 2894, 'range_min': 1886, 'range_max': 3903}",Wraith King,0.0,0,0.0,1
44.0,#84,Mid,Phantom Assassin,0,13,30.8,49.3,66.7,0.0,33.3,50.0,0.0,"{'main': 4348, 'range_min': 3443, 'range_max': 5252}",Phantom Assassin,0.0,0,33.3,3
48.0,#85,Mid,Luna,0,4,50.0,7.4,100.0,0.0,0.0,0.0,66.7,"{'main': 2740, 'range_min': 1772, 'range_max': 3708}",Luna,0.0,0,100.0,1
51.0,#86,Mid,Clockwerk,0,12,25.0,38.2,22.2,33.3,25.0,0.0,50.0,"{'main': 3583, 'range_min': 2650, 'range_max': 4516}",Clockwerk,0.0,0,14.3,7
54.0,#87,Mid,Lifestealer,0,2,0.0,18.3,0.0,0.0,0.0,0.0,0.0,"{'main': 4873, 'range_min': 4484, 'range_max': 5261}",Lifestealer,0.0,0,0.0,0
55.0,#88,Mid,Dark Seer,0,7,28.6,6.1,50.0,0.0,33.3,0.0,33.3,"{'main': 2720, 'range_min': 1444, 'range_max': 3996}",Dark Seer,0.0,0,0.0,1
57.0,#89,Mid,Omniknight,0,1,0.0,8.0,0.0,0.0,0.0,0.0,0.0,"{'main': 0, 'range_min': 0, 'range_max': 0}",Omniknight,0.0,0,0.0,1
58.0,#90,Mid,Enchantress,0,10,60.0,7.9,50.0,66.7,66.7,50.0,100.0,"{'main': 3848, 'range_min': 3469, 'range_max': 4226}",Enchantress,0.0,0,40.0,5
63.0,#91,Mid,Weaver,0,2,50.0,9.2,100.0,0.0,0.0,0.0,100.0,"{'main': 4644, 'range_min': 4644, 'range_max': 4644}",Weaver,0.0,0,0.0,1
64.0,#92,Mid,Jakiro,0,9,44.4,11.6,33.3,66.7,0.0,100.0,33.3,"{'main': 3934, 'range_min': 3114, 'range_max': 4754}",Jakiro,0.0,0,100.0,2
66.0,#93,Mid,Chen,0,1,100.0,7.0,100.0,0.0,0.0,100.0,0.0,"{'main': 0, 'range_min': 0, 'range_max': 0}",Chen,0.0,0,100.0,1
67.0,#94,Mid,Spectre,0,49,59.2,63.6,53.8,65.2,50.0,66.7,60.0,"{'main': 3624, 'range_min': 2775, 'range_max': 4473}",Spectre,0.0,0,61.1,18
68.0,#95,Mid,Ancient Apparition,0,21,33.3,8.4,50.0,23.1,0.0,42.9,30.8,"{'main': 3868, 'range_min': 3215, 'range_max': 4520}",Ancient Apparition,0.0,0,0.0,3
71.0,#96,Mid,Spirit Breaker,0,17,35.3,14.5,44.4,25.0,42.9,20.0,40.0,"{'main': 3838, 'range_min': 3157, 'range_max': 4519}",Spirit Breaker,0.0,0,25.0,4
72.0,#97,Mid,Gyrocopter,0,13,23.1,15.7,22.2,25.0,33.3,0.0,33.3,"{'main': 4037, 'range_min': 3315, 'range_max': 4758}",Gyrocopter,0.0,0,0.0,3
75.0,#98,Mid,Silencer,0,31,41.9,16.6,38.5,44.4,20.0,44.4,47.1,"{'main': 3901, 'range_min': 3124, 'range_max': 4679}",Silencer,0.0,0,60.0,10
78.0,#99,Mid,Brewmaster,0,38,55.3,8.6,57.9,52.6,0.0,70.6,50.0,"{'main': 3899, 'range_min': 3151, 'range_max': 4648}",Brewmaster,54.8,31,55.6,9
79.0,#100,Mid,Shadow Demon,0,9,55.6,29.5,50.0,66.7,33.3,33.3,100.0,"{'main': 3802, 'range_min': 3296, 'range_max': 4308}",Shadow Demon,0.0,0,50.0,4
81.0,#101,Mid,Chaos Knight,0,3,33.3,6.3,100.0,0.0,0.0,0.0,50.0,"{'main': 4481, 'range_min': 3917, 'range_max': 5045}",Chaos Knight,0.0,0,0.0,0
83.0,#102,Mid,Treant Protector,0,5,40.0,6.1,66.7,0.0,66.7,0.0,0.0,"{'main': 2837, 'range_min': 2078, 'range_max': 3595}",Treant Protector,0.0,0,0.0,1
84.0,#103,Mid,Ogre Magi,0,20,35.0,37.7,55.6,18.2,50.0,11.1,60.0,"{'main': 3892, 'range_min': 3305, 'range_max': 4480}",Ogre Magi,0.0,0,42.9,7
85.0,#104,Mid,Undying,0,21,47.6,11.3,53.8,37.5,50.0,57.1,37.5,"{'main': 4170, 'range_min': 3443, 'range_max': 4898}",Undying,0.0,0,50.0,6
87.0,#105,Mid,Disruptor,0,3,0.0,13.0,0.0,0.0,0.0,0.0,0.0,"{'main': 3748, 'range_min': 3745, 'range_max': 3750}",Disruptor,0.0,0,0.0,1
89.0,#106,Mid,Naga Siren,0,2,100.0,5.7,100.0,100.0,100.0,100.0,0.0,"{'main': 4453, 'range_min': 3763, 'range_max': 5143}",Naga Siren,0.0,0,0.0,0
91.0,#107,Mid,Io,0,15,33.3,13.2,44.4,16.7,25.0,0.0,40.0,"{'main': 3810, 'range_min': 2670, 'range_max': 4949}",Io,0.0,0,30.0,10
93.0,#108,Mid,Slark,0,24,75.0,13.1,71.4,80.0,100.0,80.0,70.6,"{'main': 4152, 'range_min': 2578, 'range_max': 5727}",Slark,0.0,0,85.7,7
94.0,#109,Mid,Medusa,0,24,58.3,14.0,50.0,66.7,0.0,50.0,64.7,"{'main': 4958, 'range_min': 4108, 'range_max': 5807}",Medusa,69.2,13,100.0,1
95.0,#110,Mid,Troll Warlord,0,4,100.0,6.7,100.0,0.0,0.0,0.0,100.0,"{'main': 5096, 'range_min': 4906, 'range_max': 5285}",Troll Warlord,0.0,0,100.0,1
96.0,#111,Mid,Centaur Warrunner,0,2,0.0,7.8,0.0,0.0,0.0,0.0,0.0,"{'main': 2474, 'range_min': 2474, 'range_max': 2474}",Centaur Warrunner,0.0,0,0.0,1
100.0,#112,Mid,Tusk,0,32,43.8,17.3,53.3,35.3,33.3,75.0,42.1,"{'main': 4128, 'range_min': 3356, 'range_max': 4900}",Tusk,0.0,0,42.9,7
101.0,#113,Mid,Skywrath Mage,0,17,41.2,7.5,41.7,40.0,60.0,25.0,37.5,"{'main': 3653, 'range_min': 2799, 'range_max': 4508}",Skywrath Mage,0.0,0,25.0,4
102.0,#114,Mid,Abaddon,0,10,50.0,26.3,42.9,66.7,25.0,50.0,75.0,"{'main': 3852, 'range_min': 2796, 'range_max': 4908}",Abaddon,0.0,0,50.0,2
103.0,#115,Mid,Elder Titan,0,6,33.3,8.4,33.3,33.3,100.0,100.0,0.0,"{'main': 4044, 'range_min': 2788, 'range_max': 5300}",Elder Titan,0.0,0,0.0,3
109.0,#116,Mid,Terrorblade,0,22,40.9,15.6,36.4,45.5,0.0,33.3,50.0,"{'main': 3821, 'range_min': 2967, 'range_max': 4675}",Terrorblade,0.0,0,50.0,12
111.0,#117,Mid,Oracle,0,9,44.4,9.2,0.0,50.0,100.0,20.0,66.7,"{'main': 4337, 'range_min': 3702, 'range_max': 4972}",Oracle,0.0,0,42.9,7
105.0,#118,Mid,Techies,0,15,20.0,8.5,12.5,28.6,25.0,28.6,0.0,"{'main': 3958, 'range_min': 3316, 'range_max': 4600}",Techies,0.0,0,20.0,5
112.0,#119,Mid,Winter Wyvern,0,36,55.6,9.1,54.5,57.1,44.4,80.0,47.1,"{'main': 3878, 'range_min': 3171, 'range_max': 4584}",Winter Wyvern,0.0,0,63.6,22
108.0,#120,Mid,Underlord,0,7,57.1,6.1,50.0,100.0,0.0,33.3,75.0,"{'main': 4460, 'range_min': 4152, 'range_max': 4769}",Underlord,0.0,0,50.0,4
119.0,#121,Mid,Dark Willow,0,21,42.9,15.6,50.0,28.6,25.0,44.4,50.0,"{'main': 4373, 'range_min': 3789, 'range_max': 4957}",Dark Willow,0.0,0,40.0,5
121.0,#122,Mid,Grimstroke,0,27,51.9,7.8,54.5,50.0,20.0,60.0,58.3,"{'main': 4202, 'range_min': 3320, 'range_max': 5085}",Grimstroke,50.0,10,45.5,11
128.0,#123,Mid,Snapfire,0,26,46.2,7.0,50.0,42.9,33.3,71.4,40.0,"{'main': 4287, 'range_min': 3772, 'range_max': 4802}",Snapfire,0.0,0,18.2,11
123.0,#124,Mid,Hoodwink,0,9,11.1,11.8,0.0,14.3,0.0,0.0,50.0,"{'main': 3621, 'range_min': 3142, 'range_max': 4099}",Hoodwink,0.0,0,0.0,3
138.0,#125,Mid,Muerta,0,44,36.4,20.2,36.4,36.4,31.8,25.0,50.0,"{'main': 3999, 'range_min': 2966, 'range_max': 5033}",Muerta,0.0,0,57.1,14
131.0,#126,Mid,Ringmaster,0,0,0.0,12.5,0.0,0.0,0.0,0.0,0.0,"{'main': 0, 'range_min': 0, 'range_max': 0}",Ringmaster,0.0,0,0.0,0
135.0,#1,Off,Dawnbreaker,3327,4235,52.9,44.0,53.1,52.7,49.4,53.8,54.0,"{'main': 4123, 'range_min': 3427, 'range_max': 4819}",Dawnbreaker,54.4,537,52.8,1930
33.0,#2,Off,Enigma,3266,1014,57.2,14.9,56.8,57.6,41.0,58.1,56.4,"{'main': 4473, 'range_min': 3739, 'range_max': 5206}",Enigma,59.8,122,58.6,594
92.0,#3,Off,Visage,3140,985,53.6,17.1,54.0,53.2,56.7,52.7,57.3,"{'main': 4374, 'range_min': 3388, 'range_max': 5361}",Visage,57.6,243,54.7,505
110.0,#4,Off,Phoenix,3117,890,54.6,31.7,59.6,50.1,50.3,56.0,52.9,"{'main': 4218, 'range_min': 3362, 'range_max': 5075}",Phoenix,63.6,165,56.0,518
55.0,#5,Off,Dark Seer,3067,228,57.0,6.1,57.9,56.1,38.5,60.3,48.8,"{'main': 4100, 'range_min': 3309, 'range_max': 4892}",Dark Seer,0.0,0,55.7,97
78.0,#6,Off,Brewmaster,3054,416,53.6,8.6,50.8,56.1,58.1,52.0,57.9,"{'main': 3851, 'range_min': 3142, 'range_max': 4560}",Brewmaster,58.4,125,51.7,207
103.0,#7,Off,Elder Titan,3048,97,60.8,8.4,53.8,68.9,63.6,55.2,78.9,"{'main': 3930, 'range_min': 3224, 'range_max': 4636}",Elder Titan,56.3,16,61.4,57
136.0,#8,Off,Marci,3048,353,53.5,19.5,50.9,55.9,57.3,51.7,50.0,"{'main': 4135, 'range_min': 3275, 'range_max': 4995}",Marci,62.7,51,56.8,148
109.0,#9,Off,Terrorblade,3044,569,52.7,15.6,53.4,52.1,52.7,53.5,49.4,"{'main': 4204, 'range_min': 3462, 'range_max': 4945}",Terrorblade,58.2,55,50.9,273
102.0,#10,Off,Abaddon,3041,384,56.0,26.3,58.9,53.3,61.2,52.7,62.8,"{'main': 4158, 'range_min': 3387, 'range_max': 4929}",Abaddon,59.2,130,52.8,142
104.0,#11,Off,Legion Commander,3034,1670,51.4,25.3,52.4,50.4,48.8,51.9,50.0,"{'main': 4034, 'range_min': 3285, 'range_max': 4782}",Legion Commander,59.6,161,51.6,554
14.0,#12,Off,Pudge,3032,427,52.5,75.6,57.4,48.3,51.4,55.0,52.9,"{'main': 3961, 'range_min': 3208, 'range_max': 4714}",Pudge,0.0,0,54.1,148
38.0,#13,Off,Beastmaster,3030,2917,50.8,35.1,51.1,50.5,48.3,51.0,53.0,"{'main': 4347, 'range_min': 3480, 'range_max': 5214}",Beastmaster,56.8,609,49.2,1414
29.0,#14,Off,Tidehunter,3028,2355,51.0,19.5,49.9,52.1,44.8,52.6,45.9,"{'main': 4056, 'range_min': 3338, 'range_max': 4774}",Tidehunter,62.2,185,49.6,1075
93.0,#15,Off,Slark,3025,88,56.8,13.1,54.3,59.5,57.1,59.6,47.1,"{'main': 4374, 'range_min': 3411, 'range_max': 5338}",Slark,71.4,14,57.4,54
96.0,#16,Off,Centaur Warrunner,3024,611,52.0,7.8,56.5,47.8,41.5,53.3,51.9,"{'main': 3970, 'range_min': 3311, 'range_max': 4630}",Centaur Warrunner,61.8,34,54.5,253
20.0,#17,Off,Vengeful Spirit,3021,387,54.3,11.1,59.2,50.0,45.9,57.2,46.3,"{'main': 3880, 'range_min': 3181, 'range_max': 4579}",Vengeful Spirit,71.4,35,56.6,166
69.0,#18,Off,Doom,3015,2875,50.7,32.0,52.3,49.2,52.2,51.0,49.0,"{'main': 4224, 'range_min': 3489, 'range_max': 4958}",Doom,54.9,339,51.5,1539
80.0,#19,Off,Lone Druid,3015,126,51.6,16.2,53.4,50.0,51.4,53.1,40.0,"{'main': 4213, 'range_min': 3459, 'range_max': 4968}",Lone Druid,53.5,43,59.2,49
47.0,#20,Off,Viper,3007,346,50.9,10.8,50.8,50.9,48.1,52.5,48.0,"{'main': 4184, 'range_min': 3442, 'range_max': 4926}",Viper,53.8,13,50.3,151
23.0,#21,Off,Kunkka,3005,150,52.0,5.8,56.5,46.2,58.2,51.8,25.0,"{'main': 3773, 'range_min': 3045, 'range_max': 4501}",Kunkka,58.7,46,55.3,38
65.0,#22,Off,Batrider,3004,122,51.6,14.2,48.3,54.8,57.7,51.9,42.1,"{'main': 3931, 'range_min': 3146, 'range_max': 4715}",Batrider,0.0,0,54.1,61
114.0,#23,Off,Monkey King,3004,152,53.3,23.0,52.8,53.8,37.9,55.9,60.0,"{'main': 4205, 'range_min': 3439, 'range_max': 4972}",Monkey King,0.0,0,57.7,52
10.0,#24,Off,Morphling,2999,55,52.7,55.4,48.6,60.0,50.0,53.6,66.7,"{'main': 4310, 'range_min': 3427, 'range_max': 5193}",Morphling,70.0,10,39.1,23
50.0,#25,Off,Dazzle,2999,73,47.9,6.6,52.8,43.2,63.2,33.3,66.7,"{'main': 4508, 'range_min': 3792, 'range_max': 5225}",Dazzle,0.0,0,46.2,39
59.0,#26,Off,Huskar,2995,99,54.5,33.2,47.9,60.8,90.0,52.9,42.9,"{'main': 4222, 'range_min': 3217, 'range_max': 5227}",Huskar,0.0,0,51.0,51
84.0,#27,Off,Ogre Magi,2994,68,47.1,37.7,52.3,37.5,47.8,43.6,66.7,"{'main': 3849, 'range_min': 2940, 'range_max': 4758}",Ogre Magi,0.0,0,20.0,15
81.0,#28,Off,Chaos Knight,2985,79,45.6,6.3,46.5,44.4,30.8,49.1,45.5,"{'main': 3951, 'range_min': 3319, 'range_max': 4584}",Chaos Knight,0.0,0,38.1,21
39.0,#29,Off,Queen of Pain,2984,59,44.1,35.1,38.5,48.5,40.0,44.4,50.0,"{'main': 3832, 'range_min': 3220, 'range_max': 4445}",Queen of Pain,0.0,0,46.7,30
43.0,#30,Off,Death Prophet,2984,98,48.0,5.8,50.0,46.8,28.6,53.7,41.2,"{'main': 4245, 'range_min': 3507, 'range_max': 4984}",Death Prophet,0.0,0,38.1,42
53.0,#31,Off,Nature's Prophet,2983,149,46.3,11.2,49.2,44.3,35.7,51.8,45.5,"{'main': 3715, 'range_min': 2740, 'range_max': 4690}",Nature's Prophet,71.0,31,45.9,61
1.0,#32,Off,Anti-Mage,2982,63,41.3,23.6,48.3,35.3,0.0,38.7,56.0,"{'main': 4085, 'range_min': 3374, 'range_max': 4797}",Anti-Mage,0.0,0,33.3,21
62.0,#33,Off,Bounty Hunter,2982,104,46.2,31.3,51.9,40.0,34.1,54.7,50.0,"{'main': 3928, 'range_min': 3047, 'range_max': 4809}",Bounty Hunter,0.0,0,49.1,55
28.0,#34,Off,Slardar,2981,412,49.3,7.0,51.4,47.0,47.5,51.5,41.8,"{'main': 4013, 'range_min': 3276, 'range_max': 4750}",Slardar,67.1,73,50.3,147
112.0,#35,Off,Winter Wyvern,2981,152,48.0,9.1,42.5,54.2,41.0,51.1,47.6,"{'main': 3731, 'range_min': 3081, 'range_max': 4381}",Winter Wyvern,58.3,12,52.6,57
107.0,#36,Off,Earth Spirit,2979,102,47.1,14.9,51.0,43.1,57.6,41.4,45.5,"{'main': 3674, 'range_min': 2928, 'range_max': 4419}",Earth Spirit,0.0,0,44.7,38
7.0,#37,Off,Earthshaker,2977,809,50.1,43.7,50.5,49.6,44.8,51.8,52.6,"{'main': 3941, 'range_min': 3266, 'range_max': 4615}",Earthshaker,56.4,55,51.6,345
22.0,#38,Off,Zeus,2976,52,36.5,44.8,27.3,43.3,38.1,34.6,40.0,"{'main': 3586, 'range_min': 2704, 'range_max': 4469}",Zeus,0.0,0,50.0,22
63.0,#39,Off,Weaver,2974,126,53.2,9.2,66.1,40.6,51.4,52.2,59.1,"{'main': 4122, 'range_min': 3237, 'range_max': 5006}",Weaver,39.1,23,51.8,56
71.0,#40,Off,Spirit Breaker,2967,106,43.4,14.5,40.3,47.7,38.2,45.6,46.7,"{'main': 3630, 'range_min': 2790, 'range_max': 4469}",Spirit Breaker,0.0,0,38.2,34
85.0,#41,Off,Undying,2965,288,47.9,11.3,46.8,49.6,39.7,48.9,59.5,"{'main': 4224, 'range_min': 3518, 'range_max': 4930}",Undying,36.4,11,48.4,128
4.0,#42,Off,Bloodseeker,2964,235,48.1,36.9,47.5,48.7,42.4,51.0,44.0,"{'main': 3910, 'range_min': 3155, 'range_max': 4665}",Bloodseeker,80.0,10,48.8,125
19.0,#43,Off,Tiny,2964,432,48.6,36.0,50.5,46.7,48.3,48.9,47.6,"{'main': 3822, 'range_min': 3154, 'range_max': 4491}",Tiny,0.0,0,49.7,197
49.0,#44,Off,Dragon Knight,2957,162,43.2,38.5,46.0,40.0,51.5,42.6,33.3,"{'main': 4078, 'range_min': 3338, 'range_max': 4818}",Dragon Knight,0.0,0,51.8,56
60.0,#45,Off,Night Stalker,2957,3151,50.1,33.7,51.5,48.9,50.2,50.2,49.9,"{'main': 4019, 'range_min': 3353, 'range_max': 4685}",Night Stalker,58.3,391,50.1,1522
36.0,#46,Off,Necrophos,2955,161,44.7,7.4,44.2,45.3,40.0,46.2,42.5,"{'main': 4016, 'range_min': 3250, 'range_max': 4782}",Necrophos,0.0,0,39.5,43
137.0,#47,Off,Primal Beast,2954,508,48.6,9.8,45.0,52.4,50.0,49.3,45.2,"{'main': 4108, 'range_min': 3344, 'range_max': 4872}",Primal Beast,57.4,54,47.9,286
42.0,#48,Off,Wraith King,2952,97,40.2,5.8,38.2,42.9,50.0,35.9,46.7,"{'main': 3789, 'range_min': 2942, 'range_max': 4636}",Wraith King,0.0,0,37.5,32
145.0,#49,Off,Kez,2952,388,47.2,43.4,48.3,45.8,50.7,43.0,33.3,"{'main': 4198, 'range_min': 3417, 'range_max': 4978}",Kez,48.1,52,42.7,124
40.0,#50,Off,Venomancer,2950,159,40.3,21.8,53.3,32.3,40.0,42.9,26.7,"{'main': 4097, 'range_min': 3228, 'range_max': 4967}",Venomancer,0.0,0,35.3,85
2.0,#51,Off,Axe,2944,1574,50.5,24.4,52.6,48.4,41.1,51.3,52.1,"{'main': 4170, 'range_min': 3327, 'range_max': 5013}",Axe,50.5,198,49.6,564
21.0,#52,Off,Windranger,2941,139,40.3,8.0,36.1,43.6,26.3,39.6,57.9,"{'main': 4011, 'range_min': 3373, 'range_max': 4650}",Windranger,0.0,0,43.4,53
120.0,#53,Off,Pangolier,2932,480,46.7,13.1,45.2,48.4,41.5,49.9,33.3,"{'main': 4008, 'range_min': 3275, 'range_max': 4741}",Pangolier,50.0,12,46.9,260
108.0,#54,Off,Underlord,2926,267,45.3,6.1,41.4,50.0,40.9,48.5,33.3,"{'main': 3971, 'range_min': 3315, 'range_max': 4626}",Underlord,20.0,10,39.5,76
73.0,#55,Off,Alchemist,2919,204,39.7,58.6,39.6,39.8,41.7,37.6,45.5,"{'main': 4719, 'range_min': 3751, 'range_max': 5687}",Alchemist,0.0,0,44.9,107
88.0,#56,Off,Nyx Assassin,2905,292,43.8,71.7,41.6,45.8,42.4,47.0,44.4,"{'main': 3311, 'range_min': 2571, 'range_max': 4051}",Nyx Assassin,0.0,0,42.1,140
99.0,#57,Off,Bristleback,2876,2435,49.7,30.3,51.7,47.9,48.2,50.4,46.7,"{'main': 4149, 'range_min': 3386, 'range_max': 4911}",Bristleback,59.7,320,50.5,1288
15.0,#58,Off,Razor,2871,597,45.6,10.1,49.1,41.2,37.3,47.3,47.1,"{'main': 4079, 'range_min': 3386, 'range_max': 4773}",Razor,56.8,37,40.7,231
61.0,#59,Off,Broodmother,2857,729,45.5,29.2,48.7,42.1,39.3,47.3,39.2,"{'main': 4287, 'range_min': 3307, 'range_max': 5267}",Broodmother,50.0,84,42.0,379
16.0,#60,Off,Sand King,2838,555,43.4,11.6,43.9,42.9,34.1,45.0,46.6,"{'main': 3965, 'range_min': 3278, 'range_max': 4653}",Sand King,60.7,89,44.8,241
98.0,#61,Off,Timbersaw,2802,1879,48.5,23.1,50.8,46.2,49.3,49.2,45.6,"{'main': 4013, 'range_min': 3232, 'range_max': 4793}",Timbersaw,49.1,167,48.0,846
77.0,#62,Off,Lycan,2801,2273,49.1,35.9,50.9,47.4,48.7,49.3,48.4,"{'main': 4131, 'range_min': 3429, 'range_max': 4834}",Lycan,53.7,313,50.8,1237
97.0,#63,Off,Magnus,2782,2999,49.2,51.5,51.4,47.1,47.5,50.1,50.0,"{'main': 4086, 'range_min': 3375, 'range_max': 4796}",Magnus,52.0,392,48.8,1433
129.0,#64,Off,Mars,2767,1841,47.6,17.4,48.4,46.9,44.6,48.5,46.4,"{'main': 3805, 'range_min': 3150, 'range_max': 4460}",Mars,48.9,137,48.0,742
3.0,#65,Off,Bane,0,8,62.5,7.4,80.0,33.3,100.0,50.0,66.7,"{'main': 3442, 'range_min': 2741, 'range_max': 4142}",Bane,0.0,0,50.0,2
5.0,#66,Off,Crystal Maiden,0,8,25.0,13.3,0.0,50.0,33.3,33.3,0.0,"{'main': 2235, 'range_min': 950, 'range_max': 3519}",Crystal Maiden,0.0,0,33.3,6
6.0,#67,Off,Drow Ranger,0,10,30.0,15.0,50.0,16.7,0.0,28.6,50.0,"{'main': 4200, 'range_min': 3665, 'range_max': 4736}",Drow Ranger,0.0,0,33.3,3
8.0,#68,Off,Juggernaut,0,12,58.3,12.2,80.0,42.9,75.0,40.0,66.7,"{'main': 4426, 'range_min': 3307, 'range_max': 5544}",Juggernaut,0.0,0,40.0,5
9.0,#69,Off,Mirana,0,12,16.7,6.7,14.3,20.0,25.0,16.7,0.0,"{'main': 3673, 'range_min': 2912, 'range_max': 4434}",Mirana,0.0,0,0.0,4
11.0,#70,Off,Shadow Fiend,0,15,46.7,16.9,22.2,83.3,33.3,55.6,33.3,"{'main': 4331, 'range_min': 3099, 'range_max': 5563}",Shadow Fiend,0.0,0,66.7,6
12.0,#71,Off,Phantom Lancer,0,7,42.9,6.1,40.0,50.0,100.0,40.0,0.0,"{'main': 3949, 'range_min': 3115, 'range_max': 4783}",Phantom Lancer,0.0,0,0.0,0
13.0,#72,Off,Puck,0,9,33.3,38.0,42.9,0.0,100.0,20.0,33.3,"{'main': 4034, 'range_min': 3511, 'range_max': 4556}",Puck,0.0,0,33.3,6
17.0,#73,Off,Storm Spirit,0,9,22.2,16.3,25.0,20.0,0.0,20.0,33.3,"{'main': 3580, 'range_min': 3196, 'range_max': 3964}",Storm Spirit,0.0,0,25.0,4
18.0,#74,Off,Sven,0,7,28.6,5.7,0.0,66.7,100.0,0.0,50.0,"{'main': 3598, 'range_min': 2617, 'range_max': 4578}",Sven,0.0,0,0.0,3
25.0,#75,Off,Lina,0,24,20.8,83.9,22.2,20.0,27.8,0.0,0.0,"{'main': 3762, 'range_min': 3027, 'range_max': 4497}",Lina,0.0,0,25.0,8
31.0,#76,Off,Lich,0,9,0.0,83.3,0.0,0.0,0.0,0.0,0.0,"{'main': 2916, 'range_min': 2233, 'range_max': 3599}",Lich,0.0,0,0.0,1
26.0,#77,Off,Lion,0,19,26.3,47.4,22.2,30.0,33.3,22.2,25.0,"{'main': 3754, 'range_min': 3023, 'range_max': 4486}",Lion,0.0,0,28.6,7
27.0,#78,Off,Shadow Shaman,0,9,44.4,20.0,50.0,40.0,50.0,50.0,0.0,"{'main': 2597, 'range_min': 2159, 'range_max': 3036}",Shadow Shaman,0.0,0,50.0,4
30.0,#79,Off,Witch Doctor,0,14,28.6,15.6,0.0,33.3,16.7,28.6,100.0,"{'main': 3696, 'range_min': 2964, 'range_max': 4429}",Witch Doctor,0.0,0,20.0,5
32.0,#80,Off,Riki,0,43,48.8,8.8,47.8,50.0,37.5,48.3,66.7,"{'main': 3730, 'range_min': 3006, 'range_max': 4455}",Riki,0.0,0,43.8,16
34.0,#81,Off,Tinker,0,22,36.4,14.6,33.3,37.5,22.2,44.4,50.0,"{'main': 3328, 'range_min': 2801, 'range_max': 3855}",Tinker,0.0,0,53.8,13
35.0,#82,Off,Sniper,0,15,26.7,20.5,28.6,25.0,0.0,33.3,40.0,"{'main': 4147, 'range_min': 3231, 'range_max': 5063}",Sniper,0.0,0,0.0,5
37.0,#83,Off,Warlock,0,3,66.7,7.6,100.0,50.0,100.0,0.0,0.0,"{'main': 2199, 'range_min': 2199, 'range_max': 2199}",Warlock,0.0,0,100.0,2
41.0,#84,Off,Faceless Void,0,38,50.0,6.4,43.5,60.0,20.0,44.4,100.0,"{'main': 3617, 'range_min': 3040, 'range_max': 4195}",Faceless Void,0.0,0,33.3,12
44.0,#85,Off,Phantom Assassin,0,41,56.1,49.3,50.0,66.7,50.0,59.1,60.0,"{'main': 4292, 'range_min': 3245, 'range_max': 5339}",Phantom Assassin,0.0,0,57.1,7
45.0,#86,Off,Pugna,0,27,55.6,14.1,40.0,75.0,44.4,53.3,100.0,"{'main': 3800, 'range_min': 2788, 'range_max': 4812}",Pugna,0.0,0,53.8,13
46.0,#87,Off,Templar Assassin,0,6,50.0,15.3,60.0,0.0,0.0,100.0,0.0,"{'main': 3633, 'range_min': 2458, 'range_max': 4807}",Templar Assassin,0.0,0,50.0,2
48.0,#88,Off,Luna,0,4,50.0,7.4,50.0,50.0,0.0,66.7,0.0,"{'main': 3710, 'range_min': 3710, 'range_max': 3710}",Luna,0.0,0,33.3,3
51.0,#89,Off,Clockwerk,0,32,31.3,38.2,61.5,10.5,21.4,40.0,33.3,"{'main': 3494, 'range_min': 2602, 'range_max': 4385}",Clockwerk,0.0,0,18.2,11
52.0,#90,Off,Leshrac,0,35,54.3,8.8,55.6,52.9,36.4,61.1,66.7,"{'main': 3762, 'range_min': 2907, 'range_max': 4618}",Leshrac,0.0,0,66.7,21
54.0,#91,Off,Lifestealer,0,7,71.4,18.3,75.0,66.7,100.0,60.0,100.0,"{'main': 3964, 'range_min': 3467, 'range_max': 4461}",Lifestealer,0.0,0,50.0,2
56.0,#92,Off,Clinkz,0,7,28.6,6.0,16.7,100.0,25.0,33.3,0.0,"{'main': 3696, 'range_min': 2631, 'range_max': 4760}",Clinkz,0.0,0,33.3,3
57.0,#93,Off,Omniknight,0,24,41.7,8.0,45.5,38.5,33.3,47.4,0.0,"{'main': 3936, 'range_min': 3078, 'range_max': 4793}",Omniknight,0.0,0,46.7,15
58.0,#94,Off,Enchantress,0,8,50.0,7.9,40.0,66.7,25.0,100.0,50.0,"{'main': 4214, 'range_min': 3174, 'range_max': 5254}",Enchantress,0.0,0,50.0,4
64.0,#95,Off,Jakiro,0,23,65.2,11.6,80.0,53.8,100.0,45.5,50.0,"{'main': 3800, 'range_min': 2939, 'range_max': 4662}",Jakiro,0.0,0,85.7,7
66.0,#96,Off,Chen,0,0,0.0,7.0,0.0,0.0,0.0,0.0,0.0,"{'main': 0, 'range_min': 0, 'range_max': 0}",Chen,0.0,0,0.0,0
67.0,#97,Off,Spectre,0,38,52.6,63.6,68.2,31.3,61.5,42.9,75.0,"{'main': 3842, 'range_min': 3117, 'range_max': 4567}",Spectre,0.0,0,60.0,15
68.0,#98,Off,Ancient Apparition,0,6,0.0,8.4,0.0,0.0,0.0,0.0,0.0,"{'main': 2504, 'range_min': 1465, 'range_max': 3542}",Ancient Apparition,0.0,0,0.0,2
70.0,#99,Off,Ursa,0,52,32.7,19.6,29.6,36.0,42.9,33.3,25.0,"{'main': 4432, 'range_min': 3495, 'range_max': 5370}",Ursa,0.0,0,25.0,16
72.0,#100,Off,Gyrocopter,0,31,48.4,15.7,60.0,37.5,42.9,55.6,33.3,"{'main': 3810, 'range_min': 2485, 'range_max': 5136}",Gyrocopter,0.0,0,42.1,19
74.0,#101,Off,Invoker,0,14,28.6,37.1,57.1,0.0,25.0,37.5,0.0,"{'main': 3024, 'range_min': 2298, 'range_max': 3751}",Invoker,0.0,0,57.1,7
75.0,#102,Off,Silencer,0,18,50.0,16.6,50.0,50.0,25.0,55.6,60.0,"{'main': 3632, 'range_min': 2660, 'range_max': 4603}",Silencer,0.0,0,50.0,2
76.0,#103,Off,Outworld Destroyer,0,16,43.8,10.9,62.5,25.0,42.9,42.9,50.0,"{'main': 3931, 'range_min': 3337, 'range_max': 4524}",,0.0,0,30.0,10
79.0,#104,Off,Shadow Demon,0,6,16.7,29.5,0.0,50.0,0.0,0.0,50.0,"{'main': 2324, 'range_min': 1865, 'range_max': 2782}",Shadow Demon,0.0,0,25.0,4
82.0,#105,Off,Meepo,0,29,44.8,14.7,50.0,40.0,100.0,25.0,80.0,"{'main': 3881, 'range_min': 3304, 'range_max': 4459}",Meepo,0.0,0,33.3,9
83.0,#106,Off,Treant Protector,0,7,0.0,6.1,0.0,0.0,0.0,0.0,0.0,"{'main': 3262, 'range_min': 3262, 'range_max': 3262}",Treant Protector,0.0,0,0.0,6
86.0,#107,Off,Rubick,0,44,45.5,37.9,34.8,57.1,38.5,52.0,33.3,"{'main': 3476, 'range_min': 2507, 'range_max': 4444}",Rubick,0.0,0,45.0,20
87.0,#108,Off,Disruptor,0,4,25.0,13.0,0.0,25.0,50.0,0.0,0.0,"{'main': 2754, 'range_min': 1909, 'range_max': 3599}",Disruptor,0.0,0,0.0,1
89.0,#109,Off,Naga Siren,0,10,70.0,5.7,57.1,100.0,0.0,75.0,100.0,"{'main': 4209, 'range_min': 3086, 'range_max': 5333}",Naga Siren,0.0,0,50.0,2
90.0,#110,Off,Keeper of the Light,0,20,50.0,8.1,45.5,55.6,33.3,70.0,25.0,"{'main': 3828, 'range_min': 2474, 'range_max': 5182}",Keeper of the Light,0.0,0,36.4,11
91.0,#111,Off,Io,0,26,80.8,13.2,82.4,77.8,83.3,83.3,50.0,"{'main': 3696, 'range_min': 2783, 'range_max': 4609}",Io,0.0,0,100.0,9
94.0,#112,Off,Medusa,0,23,56.5,14.0,64.7,33.3,0.0,69.2,44.4,"{'main': 4164, 'range_min': 3444, 'range_max': 4884}",Medusa,0.0,0,28.6,7
95.0,#113,Off,Troll Warlord,0,7,71.4,6.7,66.7,75.0,100.0,50.0,50.0,"{'main': 4556, 'range_min': 3315, 'range_max': 5797}",Troll Warlord,0.0,0,0.0,0
100.0,#114,Off,Tusk,0,48,54.2,17.3,50.0,58.3,53.3,59.3,33.3,"{'main': 3796, 'range_min': 3146, 'range_max': 4446}",Tusk,0.0,0,61.5,13
101.0,#115,Off,Skywrath Mage,0,8,37.5,7.5,50.0,0.0,0.0,75.0,0.0,"{'main': 3293, 'range_min': 2451, 'range_max': 4135}",Skywrath Mage,0.0,0,0.0,1
106.0,#116,Off,Ember Spirit,0,40,50.0,17.4,54.5,44.4,45.5,58.3,20.0,"{'main': 3637, 'range_min': 2850, 'range_max': 4423}",Ember Spirit,0.0,0,50.0,20
111.0,#117,Off,Oracle,0,5,20.0,9.2,50.0,0.0,0.0,0.0,100.0,"{'main': 2949, 'range_min': 2390, 'range_max': 3507}",Oracle,0.0,0,0.0,1
105.0,#118,Off,Techies,0,15,60.0,8.5,66.7,50.0,60.0,60.0,60.0,"{'main': 3476, 'range_min': 2739, 'range_max': 4212}",Techies,0.0,0,57.1,7
113.0,#119,Off,Arc Warden,0,1,0.0,9.6,0.0,0.0,0.0,0.0,0.0,"{'main': 3430, 'range_min': 3430, 'range_max': 3430}",Arc Warden,0.0,0,0.0,0
119.0,#120,Off,Dark Willow,0,38,42.1,15.6,50.0,25.0,42.1,50.0,20.0,"{'main': 3854, 'range_min': 2663, 'range_max': 5045}",Dark Willow,0.0,0,44.4,18
121.0,#121,Off,Grimstroke,0,9,11.1,7.8,0.0,14.3,14.3,0.0,0.0,"{'main': 2536, 'range_min': 1838, 'range_max': 3234}",Grimstroke,0.0,0,33.3,3
126.0,#122,Off,Void Spirit,0,32,40.6,7.7,43.8,37.5,42.9,40.9,33.3,"{'main': 4008, 'range_min': 3347, 'range_max': 4670}",Void Spirit,0.0,0,36.4,11
128.0,#123,Off,Snapfire,0,26,30.8,7.0,36.4,26.7,20.0,31.3,40.0,"{'main': 3687, 'range_min': 2970, 'range_max': 4405}",Snapfire,0.0,0,18.2,11
123.0,#124,Off,Hoodwink,0,18,44.4,11.8,50.0,37.5,33.3,71.4,0.0,"{'main': 2771, 'range_min': 1393, 'range_max': 4150}",Hoodwink,0.0,0,54.5,11
138.0,#125,Off,Muerta,0,39,23.1,20.2,21.1,25.0,15.0,30.0,33.3,"{'main': 3277, 'range_min': 2421, 'range_max': 4133}",Muerta,0.0,0,5.3,19
131.0,#126,Off,Ringmaster,0,4,25.0,12.5,0.0,50.0,0.0,50.0,0.0,"{'main': 3943, 'range_min': 3109, 'range_max': 4777}",Ringmaster,0.0,0,50.0,2
62.0,#1,Pos 4,Bounty Hunter,3811,3032,57.6,31.3,58.7,56.6,57.8,57.4,52.0,"{'main': 2457, 'range_min': 1918, 'range_max': 2995}",Bounty Hunter,62.6,768,57.7,1433
88.0,#2,Pos 4,Nyx Assassin,3212,4058,52.2,71.7,53.7,50.8,52.8,49.4,51.7,"{'main': 2605, 'range_min': 2162, 'range_max': 3049}",Nyx Assassin,55.7,345,52.6,1962
22.0,#3,Pos 4,Zeus,3199,2841,52.8,44.8,54.3,51.4,52.4,55.8,46.5,"{'main': 2442, 'range_min': 1914, 'range_max': 2970}",Zeus,58.7,366,52.7,1375
26.0,#4,Pos 4,Lion,3159,2561,52.4,47.4,53.0,51.9,52.8,51.9,46.3,"{'main': 2198, 'range_min': 1747, 'range_max': 2648}",Lion,56.6,166,52.2,1317
51.0,#5,Pos 4,Clockwerk,3094,1227,52.8,38.2,52.1,53.5,53.6,51.3,47.6,"{'main': 2244, 'range_min': 1775, 'range_max': 2713}",Clockwerk,66.1,62,51.9,462
45.0,#6,Pos 4,Pugna,3091,574,53.7,14.1,53.1,54.3,52.8,56.2,53.3,"{'main': 2344, 'range_min': 1843, 'range_max': 2844}",Pugna,54.5,22,56.3,286
31.0,#7,Pos 4,Lich,3090,717,54.0,83.3,55.1,52.9,54.0,55.6,42.9,"{'main': 2228, 'range_min': 1728, 'range_max': 2727}",Lich,54.5,11,56.5,262
110.0,#8,Pos 4,Phoenix,3071,1063,52.3,31.7,54.4,50.3,53.2,47.0,66.7,"{'main': 2568, 'range_min': 1999, 'range_max': 3138}",Phoenix,58.8,136,51.1,479
27.0,#9,Pos 4,Shadow Shaman,3060,992,52.4,20.0,52.5,52.3,52.2,53.2,51.4,"{'main': 2276, 'range_min': 1802, 'range_max': 2750}",Shadow Shaman,56.2,137,52.8,568
3.0,#10,Pos 4,Bane,3048,147,58.5,7.4,55.8,61.4,59.4,62.5,36.4,"{'main': 2279, 'range_min': 1773, 'range_max': 2785}",Bane,60.0,10,56.9,51
112.0,#11,Pos 4,Winter Wyvern,3041,266,54.5,9.1,60.2,48.9,50.3,65.6,60.0,"{'main': 2322, 'range_min': 1798, 'range_max': 2847}",Winter Wyvern,52.9,51,53.3,135
131.0,#12,Pos 4,Ringmaster,3038,529,52.0,12.5,54.1,50.0,51.2,54.9,53.3,"{'main': 2202, 'range_min': 1755, 'range_max': 2649}",Ringmaster,66.7,36,55.0,251
121.0,#13,Pos 4,Grimstroke,3026,446,52.0,7.8,47.7,56.3,51.6,56.0,39.1,"{'main': 2281, 'range_min': 1822, 'range_max': 2739}",Grimstroke,55.3,38,52.1,219
64.0,#14,Pos 4,Jakiro,3023,170,56.5,11.6,53.8,59.5,51.8,65.9,62.5,"{'main': 2331, 'range_min': 1687, 'range_max': 2974}",Jakiro,0.0,0,60.0,40
103.0,#15,Pos 4,Elder Titan,3023,102,56.9,8.4,52.3,60.3,62.5,45.5,37.5,"{'main': 2309, 'range_min': 1796, 'range_max': 2822}",Elder Titan,63.6,11,65.9,44
87.0,#16,Pos 4,Disruptor,3018,246,51.6,13.0,58.7,46.0,54.8,45.6,50.0,"{'main': 2138, 'range_min': 1657, 'range_max': 2619}",Disruptor,0.0,0,46.8,94
111.0,#17,Pos 4,Oracle,3016,75,52.0,9.2,47.2,56.4,43.9,57.7,75.0,"{'main': 2243, 'range_min': 1689, 'range_max': 2798}",Oracle,0.0,0,46.7,15
30.0,#18,Pos 4,Witch Doctor,3008,195,50.8,15.6,47.7,54.5,51.5,41.7,73.3,"{'main': 2368, 'range_min': 1785, 'range_max': 2951}",Witch Doctor,50.0,12,46.6,58
114.0,#19,Pos 4,Monkey King,3008,286,51.7,23.0,52.9,50.4,53.1,50.7,42.9,"{'main': 2442, 'range_min': 1929, 'range_max': 2954}",Monkey King,61.5,13,52.4,166
20.0,#20,Pos 4,Vengeful Spirit,3006,221,53.4,11.1,60.8,47.1,45.6,61.2,55.0,"{'main': 2294, 'range_min': 1677, 'range_max': 2912}",Vengeful Spirit,0.0,0,58.2,55
34.0,#21,Pos 4,Tinker,3005,198,53.5,14.6,58.7,47.9,53.8,58.1,28.6,"{'main': 2482, 'range_min': 2011, 'range_max': 2952}",Tinker,58.7,46,52.7,93
35.0,#22,Pos 4,Sniper,3004,183,50.3,20.5,43.2,58.0,52.0,45.1,55.6,"{'main': 2501, 'range_min': 1892, 'range_max': 3110}",Sniper,68.2,22,47.3,74
33.0,#23,Pos 4,Enigma,2999,67,47.8,14.9,50.0,45.7,48.7,42.9,57.1,"{'main': 2555, 'range_min': 2012, 'range_max': 3097}",Enigma,54.5,11,56.3,32
100.0,#24,Pos 4,Tusk,2999,1031,50.2,17.3,52.0,48.4,49.8,50.8,55.3,"{'main': 2238, 'range_min': 1768, 'range_max': 2708}",Tusk,50.0,10,51.6,459
101.0,#25,Pos 4,Skywrath Mage,2998,532,49.6,7.5,48.7,50.6,50.7,48.9,41.7,"{'main': 2321, 'range_min': 1805, 'range_max': 2836}",Skywrath Mage,56.5,69,48.6,138
93.0,#26,Pos 4,Slark,2997,173,51.4,13.1,56.4,45.6,52.5,53.7,30.0,"{'main': 2518, 'range_min': 1925, 'range_max': 3110}",Slark,52.6,19,57.1,91
50.0,#27,Pos 4,Dazzle,2995,56,48.2,6.6,42.9,57.1,45.5,52.9,50.0,"{'main': 2474, 'range_min': 2025, 'range_max': 2924}",Dazzle,0.0,0,28.6,14
5.0,#28,Pos 4,Crystal Maiden,2991,176,48.3,13.3,49.0,47.4,47.5,51.2,46.2,"{'main': 2188, 'range_min': 1714, 'range_max': 2663}",Crystal Maiden,0.0,0,45.8,48
9.0,#29,Pos 4,Mirana,2990,173,49.1,6.7,51.4,47.6,51.2,41.5,55.6,"{'main': 2546, 'range_min': 2026, 'range_max': 3066}",Mirana,43.5,23,47.5,99
102.0,#30,Pos 4,Abaddon,2990,231,51.5,26.3,52.4,50.5,47.6,58.6,57.1,"{'main': 2138, 'range_min': 1588, 'range_max': 2688}",Abaddon,0.0,0,60.9,64
7.0,#31,Pos 4,Earthshaker,2989,750,50.1,43.7,52.3,47.8,51.0,47.0,47.4,"{'main': 2348, 'range_min': 1861, 'range_max': 2834}",Earthshaker,60.0,35,47.0,266
68.0,#32,Pos 4,Ancient Apparition,2989,148,46.6,8.4,53.3,42.0,43.1,50.0,46.2,"{'main': 2034, 'range_min': 1668, 'range_max': 2401}",Ancient Apparition,0.0,0,44.0,50
74.0,#33,Pos 4,Invoker,2989,138,48.6,37.1,56.9,41.1,53.3,44.7,12.5,"{'main': 2342, 'range_min': 1813, 'range_max': 2872}",Invoker,0.0,0,47.6,42
37.0,#34,Pos 4,Warlock,2988,52,46.2,7.6,44.1,50.0,47.5,45.5,0.0,"{'main': 2294, 'range_min': 1761, 'range_max': 2828}",Warlock,0.0,0,52.9,17
52.0,#35,Pos 4,Leshrac,2986,288,49.7,8.8,53.2,46.9,50.9,45.2,50.0,"{'main': 2545, 'range_min': 1998, 'range_max': 3092}",Leshrac,28.6,14,45.8,155
90.0,#36,Pos 4,Keeper of the Light,2985,142,47.2,8.1,59.3,38.6,49.5,44.4,25.0,"{'main': 2466, 'range_min': 2021, 'range_max': 2912}",Keeper of the Light,0.0,0,45.5,66
109.0,#37,Pos 4,Terrorblade,2983,100,48.0,15.6,48.9,47.2,47.1,48.0,60.0,"{'main': 2319, 'range_min': 1707, 'range_max': 2931}",Terrorblade,70.0,10,47.6,42
79.0,#38,Pos 4,Shadow Demon,2982,1290,50.9,29.5,50.1,51.7,53.0,45.0,49.3,"{'main': 2189, 'range_min': 1697, 'range_max': 2680}",Shadow Demon,62.5,72,52.6,768
85.0,#39,Pos 4,Undying,2982,178,47.2,11.3,38.0,54.5,49.6,39.6,75.0,"{'main': 2371, 'range_min': 1757, 'range_max': 2984}",Undying,0.0,0,40.4,47
99.0,#40,Pos 4,Bristleback,2981,55,41.8,30.3,35.7,48.1,43.5,40.7,40.0,"{'main': 2468, 'range_min': 1796, 'range_max': 3140}",Bristleback,0.0,0,50.0,18
128.0,#41,Pos 4,Snapfire,2979,321,48.3,7.0,48.3,48.3,50.9,47.0,36.4,"{'main': 2321, 'range_min': 1791, 'range_max': 2850}",Snapfire,30.0,10,51.7,120
91.0,#42,Pos 4,Io,2978,154,54.5,13.2,58.1,51.2,51.5,52.4,80.0,"{'main': 2338, 'range_min': 1707, 'range_max': 2969}",Io,0.0,0,61.8,55
92.0,#43,Pos 4,Visage,2978,86,40.7,17.1,43.6,38.3,44.4,39.4,25.0,"{'main': 2780, 'range_min': 2130, 'range_max': 3429}",Visage,0.0,0,25.0,32
29.0,#44,Pos 4,Tidehunter,2975,52,36.5,19.5,33.3,40.0,56.3,28.6,25.0,"{'main': 2468, 'range_min': 1854, 'range_max': 3082}",Tidehunter,0.0,0,36.0,25
73.0,#45,Pos 4,Alchemist,2974,117,44.4,58.6,43.9,45.1,46.8,45.2,22.2,"{'main': 2966, 'range_min': 2279, 'range_max': 3654}",Alchemist,0.0,0,41.4,58
58.0,#46,Pos 4,Enchantress,2972,93,45.2,7.9,55.1,34.1,45.6,40.7,55.6,"{'main': 2457, 'range_min': 1948, 'range_max': 2965}",Enchantress,0.0,0,50.0,42
21.0,#47,Pos 4,Windranger,2971,129,44.2,8.0,47.4,41.7,42.7,48.5,42.9,"{'main': 2427, 'range_min': 1848, 'range_max': 3005}",Windranger,50.0,10,46.0,50
136.0,#48,Pos 4,Marci,2968,554,49.1,19.5,52.7,45.4,47.9,52.6,48.1,"{'main': 2285, 'range_min': 1796, 'range_max': 2774}",Marci,57.1,21,46.2,273
59.0,#49,Pos 4,Huskar,2964,85,45.9,33.2,46.9,44.4,64.5,38.6,20.0,"{'main': 2862, 'range_min': 2190, 'range_max': 3534}",Huskar,0.0,0,31.7,41
98.0,#50,Pos 4,Timbersaw,2962,83,50.6,23.1,46.2,54.5,60.0,43.8,47.6,"{'main': 2655, 'range_min': 1772, 'range_max': 3537}",Timbersaw,0.0,0,64.9,37
75.0,#51,Pos 4,Silencer,2960,429,48.0,16.6,49.3,46.7,49.6,46.5,43.2,"{'main': 2313, 'range_min': 1753, 'range_max': 2873}",Silencer,62.5,32,48.0,100
40.0,#52,Pos 4,Venomancer,2959,252,46.0,21.8,42.1,50.4,46.3,50.7,30.4,"{'main': 2543, 'range_min': 1923, 'range_max': 3163}",Venomancer,58.3,12,43.7,71
39.0,#53,Pos 4,Queen of Pain,2958,65,33.8,35.1,25.8,41.2,32.1,29.6,50.0,"{'main': 2295, 'range_min': 1791, 'range_max': 2799}",Queen of Pain,0.0,0,30.4,23
72.0,#54,Pos 4,Gyrocopter,2958,297,47.1,15.7,46.7,47.6,45.9,56.1,18.2,"{'main': 2251, 'range_min': 1750, 'range_max': 2752}",Gyrocopter,58.3,12,53.3,150
63.0,#55,Pos 4,Weaver,2956,296,48.0,9.2,40.3,54.8,44.9,56.9,50.0,"{'main': 2583, 'range_min': 1976, 'range_max': 3190}",Weaver,53.8,13,46.9,145
71.0,#56,Pos 4,Spirit Breaker,2956,947,50.4,14.5,49.9,50.9,49.6,51.3,60.0,"{'main': 2435, 'range_min': 2001, 'range_max': 2870}",Spirit Breaker,59.2,157,49.9,353
10.0,#57,Pos 4,Morphling,2949,100,41.0,55.4,46.3,34.8,40.3,42.1,50.0,"{'main': 2400, 'range_min': 1866, 'range_max': 2935}",Morphling,38.7,31,40.6,64
69.0,#58,Pos 4,Doom,2944,228,45.2,32.0,53.6,37.3,45.9,45.1,41.7,"{'main': 2698, 'range_min': 2105, 'range_max': 3291}",Doom,57.1,49,43.8,112
145.0,#59,Pos 4,Kez,2936,70,30.0,43.4,32.5,26.7,38.9,0.0,0.0,"{'main': 2583, 'range_min': 1925, 'range_max': 3240}",Kez,0.0,0,17.9,28
107.0,#60,Pos 4,Earth Spirit,2935,312,45.5,14.9,44.9,46.2,47.4,43.9,25.0,"{'main': 2324, 'range_min': 1829, 'range_max': 2818}",Earth Spirit,46.4,56,42.2,102
84.0,#61,Pos 4,Ogre Magi,2934,447,47.9,37.7,50.9,44.9,48.5,45.2,50.0,"{'main': 2217, 'range_min': 1766, 'range_max': 2668}",Ogre Magi,0.0,0,49.0,153
135.0,#62,Pos 4,Dawnbreaker,2933,203,42.4,44.0,41.6,43.1,47.3,35.0,28.6,"{'main': 2485, 'range_min': 1871, 'range_max': 3099}",Dawnbreaker,50.0,14,37.5,48
97.0,#63,Pos 4,Magnus,2915,655,47.6,51.5,47.1,48.1,47.9,46.2,50.0,"{'main': 2379, 'range_min': 1914, 'range_max': 2845}",Magnus,63.3,49,47.4,348
25.0,#64,Pos 4,Lina,2912,264,43.6,83.9,44.0,43.1,46.0,30.3,28.6,"{'main': 2431, 'range_min': 1914, 'range_max': 2947}",Lina,0.0,0,45.5,101
119.0,#65,Pos 4,Dark Willow,2910,1581,49.2,15.6,52.4,45.8,49.3,48.9,50.0,"{'main': 2378, 'range_min': 1885, 'range_max': 2872}",Dark Willow,58.7,300,47.1,868
19.0,#66,Pos 4,Tiny,2900,552,46.2,36.0,48.1,44.3,46.9,43.1,51.7,"{'main': 2241, 'range_min': 1777, 'range_max': 2705}",Tiny,67.3,52,46.2,223
32.0,#67,Pos 4,Riki,2891,550,45.5,8.8,46.7,44.1,46.4,38.8,53.3,"{'main': 2433, 'range_min': 1877, 'range_max': 2989}",Riki,52.9,85,45.6,390
105.0,#68,Pos 4,Techies,2888,354,42.7,8.5,43.1,42.2,43.1,45.3,25.0,"{'main': 2389, 'range_min': 1862, 'range_max': 2915}",Techies,60.0,15,44.5,137
123.0,#69,Pos 4,Hoodwink,2886,1077,48.4,11.8,48.6,48.1,50.2,40.9,55.8,"{'main': 2336, 'range_min': 1810, 'range_max': 2861}",Hoodwink,47.8,113,47.3,571
53.0,#70,Pos 4,Nature's Prophet,2877,265,39.6,11.2,40.5,38.8,41.2,40.0,22.2,"{'main': 2481, 'range_min': 1954, 'range_max': 3008}",Nature's Prophet,55.6,18,35.6,87
138.0,#71,Pos 4,Muerta,2848,2471,48.9,20.2,51.2,46.7,49.6,47.4,35.1,"{'main': 2336, 'range_min': 1870, 'range_max': 2802}",Muerta,56.3,446,48.9,1553
65.0,#72,Pos 4,Batrider,2844,1111,46.6,14.2,47.6,45.8,46.7,47.8,37.9,"{'main': 2373, 'range_min': 1874, 'range_max': 2872}",Batrider,51.0,51,46.2,734
14.0,#73,Pos 4,Pudge,2766,3433,48.7,75.6,49.6,47.8,48.7,49.3,43.8,"{'main': 2401, 'range_min': 1886, 'range_max': 2916}",Pudge,54.8,239,48.5,1358
86.0,#74,Pos 4,Rubick,2730,2212,47.6,37.9,50.5,44.8,48.1,47.5,40.5,"{'main': 2326, 'range_min': 1860, 'range_max': 2792}",Rubick,54.8,146,46.9,817
1.0,#75,Pos 4,Anti-Mage,0,19,21.1,23.6,42.9,8.3,16.7,18.2,50.0,"{'main': 2274, 'range_min': 1589, 'range_max': 2959}",Anti-Mage,0.0,0,20.0,10
2.0,#76,Pos 4,Axe,0,21,14.3,24.4,10.0,18.2,25.0,10.0,0.0,"{'main': 2597, 'range_min': 1843, 'range_max': 3351}",Axe,0.0,0,16.7,6
4.0,#77,Pos 4,Bloodseeker,0,7,14.3,36.9,50.0,0.0,20.0,0.0,0.0,"{'main': 2543, 'range_min': 2431, 'range_max': 2655}",Bloodseeker,0.0,0,0.0,3
6.0,#78,Pos 4,Drow Ranger,0,5,40.0,15.0,25.0,100.0,40.0,0.0,0.0,"{'main': 2282, 'range_min': 2015, 'range_max': 2548}",Drow Ranger,0.0,0,0.0,1
8.0,#79,Pos 4,Juggernaut,0,5,40.0,12.2,50.0,33.3,50.0,0.0,0.0,"{'main': 1697, 'range_min': 1697, 'range_max': 1697}",Juggernaut,0.0,0,50.0,4
11.0,#80,Pos 4,Shadow Fiend,0,24,25.0,16.9,16.7,33.3,14.3,44.4,0.0,"{'main': 2418, 'range_min': 1859, 'range_max': 2978}",Shadow Fiend,0.0,0,16.7,6
12.0,#81,Pos 4,Phantom Lancer,0,0,0.0,6.1,0.0,0.0,0.0,0.0,0.0,"{'main': 0, 'range_min': 0, 'range_max': 0}",Phantom Lancer,0.0,0,0.0,0
13.0,#82,Pos 4,Puck,0,30,33.3,38.0,38.9,25.0,41.2,22.2,25.0,"{'main': 2327, 'range_min': 1930, 'range_max': 2723}",Puck,0.0,0,21.7,23
15.0,#83,Pos 4,Razor,0,16,62.5,10.1,62.5,62.5,50.0,57.1,100.0,"{'main': 2930, 'range_min': 2079, 'range_max': 3782}",Razor,0.0,0,66.7,3
16.0,#84,Pos 4,Sand King,0,20,40.0,11.6,44.4,36.4,41.7,60.0,0.0,"{'main': 2525, 'range_min': 1789, 'range_max': 3260}",Sand King,0.0,0,16.7,12
17.0,#85,Pos 4,Storm Spirit,0,15,33.3,16.3,37.5,28.6,50.0,0.0,50.0,"{'main': 2298, 'range_min': 1801, 'range_max': 2795}",Storm Spirit,0.0,0,50.0,4
18.0,#86,Pos 4,Sven,0,10,40.0,5.7,50.0,25.0,50.0,33.3,0.0,"{'main': 2506, 'range_min': 1344, 'range_max': 3668}",Sven,0.0,0,50.0,4
23.0,#87,Pos 4,Kunkka,0,13,23.1,5.8,0.0,37.5,25.0,20.0,0.0,"{'main': 2423, 'range_min': 1839, 'range_max': 3006}",Kunkka,0.0,0,25.0,4
28.0,#88,Pos 4,Slardar,0,12,33.3,7.0,0.0,50.0,33.3,33.3,0.0,"{'main': 2714, 'range_min': 1860, 'range_max': 3568}",Slardar,0.0,0,14.3,7
36.0,#89,Pos 4,Necrophos,0,5,20.0,7.4,0.0,25.0,50.0,0.0,0.0,"{'main': 1941, 'range_min': 1683, 'range_max': 2198}",Necrophos,0.0,0,50.0,2
38.0,#90,Pos 4,Beastmaster,0,31,32.3,35.1,25.0,36.8,66.7,21.7,50.0,"{'main': 3121, 'range_min': 2238, 'range_max': 4004}",Beastmaster,0.0,0,33.3,18
41.0,#91,Pos 4,Faceless Void,0,19,52.6,6.4,62.5,45.5,50.0,100.0,0.0,"{'main': 2149, 'range_min': 1763, 'range_max': 2534}",Faceless Void,0.0,0,60.0,5
42.0,#92,Pos 4,Wraith King,0,11,36.4,5.8,40.0,33.3,75.0,20.0,0.0,"{'main': 2173, 'range_min': 1497, 'range_max': 2848}",Wraith King,0.0,0,100.0,3
43.0,#93,Pos 4,Death Prophet,0,14,57.1,5.8,50.0,62.5,37.5,83.3,0.0,"{'main': 2114, 'range_min': 1867, 'range_max': 2360}",Death Prophet,0.0,0,42.9,7
44.0,#94,Pos 4,Phantom Assassin,0,38,31.6,49.3,36.8,26.3,39.3,12.5,0.0,"{'main': 2610, 'range_min': 2108, 'range_max': 3113}",Phantom Assassin,0.0,0,21.4,14
46.0,#95,Pos 4,Templar Assassin,0,9,33.3,15.3,0.0,60.0,100.0,16.7,0.0,"{'main': 2521, 'range_min': 794, 'range_max': 4248}",Templar Assassin,0.0,0,25.0,4
47.0,#96,Pos 4,Viper,0,38,36.8,10.8,42.1,31.6,37.5,22.2,58.3,"{'main': 2745, 'range_min': 1749, 'range_max': 3741}",Viper,0.0,0,25.0,12
48.0,#97,Pos 4,Luna,0,5,20.0,7.4,0.0,20.0,25.0,0.0,0.0,"{'main': 2506, 'range_min': 2506, 'range_max': 2506}",Luna,0.0,0,25.0,4
49.0,#98,Pos 4,Dragon Knight,0,16,43.8,38.5,27.3,80.0,63.6,0.0,0.0,"{'main': 3046, 'range_min': 1884, 'range_max': 4207}",Dragon Knight,0.0,0,41.7,12
54.0,#99,Pos 4,Lifestealer,0,5,20.0,18.3,25.0,0.0,0.0,100.0,0.0,"{'main': 1626, 'range_min': 1294, 'range_max': 1958}",Lifestealer,0.0,0,33.3,3
55.0,#100,Pos 4,Dark Seer,0,8,12.5,6.1,0.0,16.7,25.0,0.0,0.0,"{'main': 2446, 'range_min': 1755, 'range_max': 3137}",Dark Seer,0.0,0,0.0,2
56.0,#101,Pos 4,Clinkz,0,43,51.2,6.0,56.3,48.1,51.9,46.7,100.0,"{'main': 2587, 'range_min': 2099, 'range_max': 3074}",Clinkz,0.0,0,44.4,18
57.0,#102,Pos 4,Omniknight,0,33,63.6,8.0,72.2,53.3,63.6,66.7,50.0,"{'main': 1995, 'range_min': 1689, 'range_max': 2301}",Omniknight,70.6,17,59.1,22
60.0,#103,Pos 4,Night Stalker,0,41,48.8,33.7,40.0,57.1,66.7,42.9,20.0,"{'main': 2799, 'range_min': 1899, 'range_max': 3699}",Night Stalker,0.0,0,57.9,19
61.0,#104,Pos 4,Broodmother,0,15,20.0,29.2,20.0,20.0,16.7,33.3,0.0,"{'main': 2882, 'range_min': 2457, 'range_max': 3307}",Broodmother,0.0,0,37.5,8
66.0,#105,Pos 4,Chen,0,32,56.3,7.0,46.7,64.7,52.0,71.4,0.0,"{'main': 2300, 'range_min': 1933, 'range_max': 2666}",Chen,0.0,0,58.3,24
67.0,#106,Pos 4,Spectre,0,14,28.6,63.6,33.3,20.0,28.6,28.6,0.0,"{'main': 2172, 'range_min': 1432, 'range_max': 2911}",Spectre,0.0,0,57.1,7
70.0,#107,Pos 4,Ursa,0,9,55.6,19.6,25.0,80.0,33.3,100.0,0.0,"{'main': 2544, 'range_min': 2091, 'range_max': 2997}",Ursa,0.0,0,50.0,2
76.0,#108,Pos 4,Outworld Destroyer,0,12,16.7,10.9,0.0,28.6,14.3,0.0,50.0,"{'main': 2582, 'range_min': 2183, 'range_max': 2982}",,0.0,0,14.3,7
77.0,#109,Pos 4,Lycan,0,33,42.4,35.9,69.2,25.0,28.6,52.9,50.0,"{'main': 3434, 'range_min': 2299, 'range_max': 4569}",Lycan,0.0,0,41.2,17
78.0,#110,Pos 4,Brewmaster,0,22,27.3,8.6,15.4,44.4,30.8,33.3,0.0,"{'main': 2697, 'range_min': 1753, 'range_max': 3641}",Brewmaster,0.0,0,37.5,8
80.0,#111,Pos 4,Lone Druid,0,6,16.7,16.2,50.0,0.0,0.0,33.3,0.0,"{'main': 3229, 'range_min': 2609, 'range_max': 3848}",Lone Druid,0.0,0,33.3,3
81.0,#112,Pos 4,Chaos Knight,0,5,60.0,6.3,66.7,50.0,60.0,0.0,0.0,"{'main': 1662, 'range_min': 1321, 'range_max': 2002}",Chaos Knight,0.0,0,66.7,3
82.0,#113,Pos 4,Meepo,0,12,8.3,14.7,14.3,0.0,12.5,0.0,0.0,"{'main': 2834, 'range_min': 1370, 'range_max': 4298}",Meepo,0.0,0,0.0,0
83.0,#114,Pos 4,Treant Protector,0,43,27.9,6.1,33.3,21.1,40.0,9.1,14.3,"{'main': 2186, 'range_min': 1754, 'range_max': 2617}",Treant Protector,0.0,0,21.4,14
89.0,#115,Pos 4,Naga Siren,0,12,33.3,5.7,33.3,33.3,30.0,50.0,0.0,"{'main': 1984, 'range_min': 1350, 'range_max': 2617}",Naga Siren,0.0,0,40.0,5
94.0,#116,Pos 4,Medusa,0,10,30.0,14.0,50.0,16.7,0.0,0.0,75.0,"{'main': 2553, 'range_min': 1675, 'range_max': 3430}",Medusa,0.0,0,25.0,4
95.0,#117,Pos 4,Troll Warlord,0,4,75.0,6.7,100.0,66.7,66.7,100.0,0.0,"{'main': 3377, 'range_min': 1122, 'range_max': 5633}",Troll Warlord,0.0,0,0.0,1
96.0,#118,Pos 4,Centaur Warrunner,0,15,60.0,7.8,50.0,63.6,66.7,40.0,75.0,"{'main': 2801, 'range_min': 1992, 'range_max': 3610}",Centaur Warrunner,0.0,0,75.0,8
104.0,#119,Pos 4,Legion Commander,0,26,53.8,25.3,53.8,53.8,57.1,50.0,57.1,"{'main': 2799, 'range_min': 2234, 'range_max': 3363}",Legion Commander,0.0,0,62.5,8
106.0,#120,Pos 4,Ember Spirit,0,48,58.3,17.4,53.8,63.6,58.6,66.7,25.0,"{'main': 2333, 'range_min': 1773, 'range_max': 2894}",Ember Spirit,0.0,0,55.6,18
113.0,#121,Pos 4,Arc Warden,0,6,33.3,9.6,66.7,0.0,33.3,33.3,0.0,"{'main': 2318, 'range_min': 1503, 'range_max': 3134}",Arc Warden,0.0,0,0.0,1
108.0,#122,Pos 4,Underlord,0,16,87.5,6.1,80.0,100.0,100.0,83.3,66.7,"{'main': 3673, 'range_min': 2510, 'range_max': 4836}",Underlord,0.0,0,100.0,7
120.0,#123,Pos 4,Pangolier,0,19,15.8,13.1,20.0,11.1,0.0,25.0,20.0,"{'main': 3010, 'range_min': 1804, 'range_max': 4216}",Pangolier,0.0,0,10.0,10
129.0,#124,Pos 4,Mars,0,47,46.8,17.4,72.7,24.0,52.6,35.0,62.5,"{'main': 2598, 'range_min': 1840, 'range_max': 3356}",Mars,0.0,0,50.0,18
126.0,#125,Pos 4,Void Spirit,0,15,46.7,7.7,37.5,57.1,50.0,50.0,33.3,"{'main': 2211, 'range_min': 1758, 'range_max': 2664}",Void Spirit,0.0,0,25.0,4
137.0,#126,Pos 4,Primal Beast,0,39,56.4,9.8,54.2,60.0,60.0,36.4,100.0,"{'main': 2425, 'range_min': 1907, 'range_max': 2943}",Primal Beast,75.0,12,62.5,24
31.0,#1,Pos 5,Lich,3816,5860,54.3,83.3,56.2,52.4,54.7,49.5,50.9,"{'main': 2158, 'range_min': 1682, 'range_max': 2634}",Lich,58.0,750,53.3,2748
51.0,#2,Pos 5,Clockwerk,3254,2492,53.5,38.2,54.2,52.7,54.4,50.4,44.9,"{'main': 2193, 'range_min': 1744, 'range_max': 2642}",Clockwerk,59.3,307,52.7,1185
45.0,#3,Pos 5,Pugna,3159,1052,54.2,14.1,53.0,55.3,55.2,53.1,28.0,"{'main': 2274, 'range_min': 1765, 'range_max': 2782}",Pugna,57.6,177,55.8,650
22.0,#4,Pos 5,Zeus,3156,2040,53.0,44.8,54.0,51.9,53.7,49.5,48.1,"{'main': 2341, 'range_min': 1819, 'range_max': 2863}",Zeus,53.4,412,54.1,1193
87.0,#5,Pos 5,Disruptor,3149,1462,53.3,13.0,54.4,52.1,52.3,57.1,57.1,"{'main': 2032, 'range_min': 1608, 'range_max': 2456}",Disruptor,58.1,322,52.0,612
40.0,#6,Pos 5,Venomancer,3140,719,55.5,21.8,54.0,57.1,56.6,52.8,40.9,"{'main': 2425, 'range_min': 1886, 'range_max': 2964}",Venomancer,60.4,169,56.6,288
102.0,#7,Pos 5,Abaddon,3118,1580,52.7,26.3,53.7,51.7,52.5,53.3,53.3,"{'main': 2035, 'range_min': 1554, 'range_max': 2516}",Abaddon,58.6,370,49.9,605
110.0,#8,Pos 5,Phoenix,3087,1290,52.2,31.7,51.5,53.0,52.9,51.8,18.8,"{'main': 2434, 'range_min': 1892, 'range_max': 2975}",Phoenix,55.8,231,50.8,740
84.0,#9,Pos 5,Ogre Magi,3085,3845,51.2,37.7,53.1,49.3,51.5,50.4,43.5,"{'main': 2084, 'range_min': 1643, 'range_max': 2525}",Ogre Magi,55.1,494,50.2,1930
103.0,#10,Pos 5,Elder Titan,3062,488,53.3,8.4,56.0,50.4,52.5,60.7,41.7,"{'main': 2309, 'range_min': 1856, 'range_max': 2761}",Elder Titan,59.5,116,52.1,328
111.0,#11,Pos 5,Oracle,3062,659,51.9,9.2,52.7,51.2,51.7,52.3,52.4,"{'main': 2136, 'range_min': 1689, 'range_max': 2582}",Oracle,50.4,135,52.9,221
91.0,#12,Pos 5,Io,3053,693,51.8,13.2,50.1,53.5,51.1,56.6,44.4,"{'main': 2280, 'range_min': 1788, 'range_max': 2771}",Io,56.6,226,53.3,287
27.0,#13,Pos 5,Shadow Shaman,3045,1023,51.9,20.0,54.0,49.7,51.4,55.1,46.2,"{'main': 2178, 'range_min': 1704, 'range_max': 2651}",Shadow Shaman,53.4,234,53.5,404
66.0,#14,Pos 5,Chen,3044,318,54.4,7.0,56.7,51.9,53.5,62.2,25.0,"{'main': 2589, 'range_min': 2148, 'range_max': 3029}",Chen,56.4,55,52.7,222
62.0,#15,Pos 5,Bounty Hunter,3043,480,53.1,31.3,52.2,54.0,52.9,54.6,42.9,"{'main': 2361, 'range_min': 1847, 'range_max': 2874}",Bounty Hunter,56.1,41,54.1,270
112.0,#16,Pos 5,Winter Wyvern,3038,271,52.8,9.1,54.2,51.2,51.3,58.2,52.9,"{'main': 2170, 'range_min': 1764, 'range_max': 2575}",Winter Wyvern,63.0,27,54.1,133
71.0,#17,Pos 5,Spirit Breaker,3033,172,55.2,14.5,57.5,52.9,54.2,57.1,58.3,"{'main': 2285, 'range_min': 1761, 'range_max': 2809}",Spirit Breaker,53.8,13,55.6,81
3.0,#18,Pos 5,Bane,3027,298,53.4,7.4,57.3,48.9,53.0,55.6,50.0,"{'main': 2102, 'range_min': 1654, 'range_max': 2550}",Bane,50.7,69,54.3,129
34.0,#19,Pos 5,Tinker,3025,308,52.3,14.6,53.4,51.0,54.2,38.0,77.8,"{'main': 2562, 'range_min': 2159, 'range_max': 2965}",Tinker,54.3,81,49.7,177
135.0,#20,Pos 5,Dawnbreaker,3022,100,58.0,44.0,48.2,70.5,55.4,70.0,50.0,"{'main': 2299, 'range_min': 1759, 'range_max': 2838}",Dawnbreaker,0.0,0,49.1,53
50.0,#21,Pos 5,Dazzle,3013,195,51.3,6.6,49.0,53.5,50.7,55.9,45.5,"{'main': 2308, 'range_min': 1785, 'range_max': 2831}",Dazzle,61.9,21,53.6,56
69.0,#22,Pos 5,Doom,3006,69,52.2,32.0,52.3,52.0,58.1,38.1,60.0,"{'main': 2716, 'range_min': 2282, 'range_max': 3149}",Doom,0.0,0,61.5,39
57.0,#23,Pos 5,Omniknight,3001,119,52.1,8.0,47.9,58.3,52.7,51.9,0.0,"{'main': 2003, 'range_min': 1558, 'range_max': 2448}",Omniknight,50.0,14,57.1,42
99.0,#24,Pos 5,Bristleback,2998,117,52.1,30.3,49.2,55.2,57.4,51.4,28.6,"{'main': 2979, 'range_min': 1820, 'range_max': 4138}",Bristleback,0.0,0,53.2,62
123.0,#25,Pos 5,Hoodwink,2993,276,49.6,11.8,50.0,49.3,51.9,41.5,42.9,"{'main': 2361, 'range_min': 1796, 'range_max': 2926}",Hoodwink,47.9,48,48.9,141
9.0,#26,Pos 5,Mirana,2985,74,47.3,6.7,42.2,55.2,52.7,35.7,20.0,"{'main': 2594, 'range_min': 1659, 'range_max': 3529}",Mirana,0.0,0,43.9,41
72.0,#27,Pos 5,Gyrocopter,2985,290,50.3,15.7,56.4,45.2,52.4,44.6,33.3,"{'main': 2513, 'range_min': 1557, 'range_max': 3470}",Gyrocopter,46.7,45,52.3,193
128.0,#28,Pos 5,Snapfire,2983,167,48.5,7.0,50.5,45.9,48.3,49.3,40.0,"{'main': 2276, 'range_min': 1756, 'range_max': 2797}",Snapfire,0.0,0,56.3,64
25.0,#29,Pos 5,Lina,2979,95,45.3,83.9,55.3,38.6,48.1,30.8,33.3,"{'main': 2360, 'range_min': 1868, 'range_max': 2853}",Lina,0.0,0,44.2,43
35.0,#30,Pos 5,Sniper,2979,55,40.0,20.5,37.5,41.9,48.7,23.1,0.0,"{'main': 2572, 'range_min': 2008, 'range_max': 3137}",Sniper,63.6,11,47.4,19
114.0,#31,Pos 5,Monkey King,2979,59,42.4,23.0,46.7,37.9,32.4,54.5,63.6,"{'main': 3100, 'range_min': 2023, 'range_max': 4177}",Monkey King,0.0,0,31.6,19
52.0,#32,Pos 5,Leshrac,2975,115,45.2,8.8,36.4,53.3,40.7,56.0,75.0,"{'main': 2560, 'range_min': 1908, 'range_max': 3212}",Leshrac,72.7,11,52.4,63
131.0,#33,Pos 5,Ringmaster,2975,518,49.2,12.5,52.0,46.7,48.7,53.5,41.7,"{'main': 2227, 'range_min': 1755, 'range_max': 2698}",Ringmaster,56.3,48,48.9,221
68.0,#34,Pos 5,Ancient Apparition,2970,411,48.2,8.4,52.3,43.6,49.2,45.5,48.7,"{'main': 2062, 'range_min': 1592, 'range_max': 2533}",Ancient Apparition,45.5,33,40.2,132
119.0,#35,Pos 5,Dark Willow,2969,509,48.7,15.6,49.8,47.7,49.1,48.0,43.8,"{'main': 2261, 'range_min': 1765, 'range_max': 2757}",Dark Willow,63.5,63,50.0,220
7.0,#36,Pos 5,Earthshaker,2966,59,37.3,43.7,36.4,37.8,46.2,23.8,41.7,"{'main': 2432, 'range_min': 1949, 'range_max': 2915}",Earthshaker,0.0,0,33.3,12
79.0,#37,Pos 5,Shadow Demon,2966,1408,49.7,29.5,50.6,48.9,50.7,47.9,43.5,"{'main': 2178, 'range_min': 1737, 'range_max': 2619}",Shadow Demon,58.3,151,50.0,836
101.0,#38,Pos 5,Skywrath Mage,2962,105,41.9,7.5,44.6,38.8,43.4,41.7,20.0,"{'main': 2237, 'range_min': 1745, 'range_max': 2729}",Skywrath Mage,0.0,0,41.4,29
63.0,#39,Pos 5,Weaver,2961,109,47.7,9.2,52.7,42.6,50.8,34.3,66.7,"{'main': 2766, 'range_min': 2077, 'range_max': 3456}",Weaver,0.0,0,51.0,49
93.0,#40,Pos 5,Slark,2961,125,45.6,13.1,50.0,40.4,48.5,40.0,47.4,"{'main': 2793, 'range_min': 2106, 'range_max': 3481}",Slark,61.5,26,43.9,66
136.0,#41,Pos 5,Marci,2961,959,49.6,19.5,50.9,48.5,51.5,47.0,25.0,"{'main': 2236, 'range_min': 1727, 'range_max': 2746}",Marci,58.8,51,48.7,423
105.0,#42,Pos 5,Techies,2958,192,43.8,8.5,50.0,37.8,43.0,47.7,38.5,"{'main': 2440, 'range_min': 1895, 'range_max': 2985}",Techies,0.0,0,37.9,58
121.0,#43,Pos 5,Grimstroke,2955,331,47.1,7.8,45.2,49.1,48.1,42.7,52.6,"{'main': 2190, 'range_min': 1764, 'range_max': 2616}",Grimstroke,31.6,19,48.8,127
20.0,#44,Pos 5,Vengeful Spirit,2951,248,47.2,11.1,51.6,42.5,46.7,47.2,50.0,"{'main': 2239, 'range_min': 1729, 'range_max': 2748}",Vengeful Spirit,0.0,0,54.4,68
138.0,#45,Pos 5,Muerta,2948,262,46.9,20.2,47.5,46.5,45.2,48.0,57.9,"{'main': 2291, 'range_min': 1857, 'range_max': 2726}",Muerta,0.0,0,46.8,124
109.0,#46,Pos 5,Terrorblade,2944,69,36.2,15.6,43.8,29.7,45.5,33.3,16.7,"{'main': 2855, 'range_min': 2027, 'range_max': 3683}",Terrorblade,0.0,0,39.4,33
83.0,#47,Pos 5,Treant Protector,2943,238,45.0,6.1,47.9,41.9,43.4,53.7,22.2,"{'main': 2155, 'range_min': 1664, 'range_max': 2645}",Treant Protector,40.0,30,43.8,89
145.0,#48,Pos 5,Kez,2942,66,30.3,43.4,22.9,38.7,31.9,35.7,0.0,"{'main': 3066, 'range_min': 2136, 'range_max': 3996}",Kez,0.0,0,43.3,30
1.0,#49,Pos 5,Anti-Mage,2932,52,19.2,23.6,11.1,28.0,28.6,10.3,31.3,"{'main': 3116, 'range_min': 2339, 'range_max': 3893}",Anti-Mage,0.0,0,11.8,17
86.0,#50,Pos 5,Rubick,2932,508,48.0,37.9,49.8,46.4,49.2,46.6,44.4,"{'main': 2300, 'range_min': 1802, 'range_max': 2797}",Rubick,63.3,30,52.2,209
19.0,#51,Pos 5,Tiny,2928,63,23.8,36.0,31.6,12.0,24.4,18.8,33.3,"{'main': 2221, 'range_min': 1706, 'range_max': 2736}",Tiny,0.0,0,20.0,20
64.0,#52,Pos 5,Jakiro,2926,703,48.9,11.6,49.4,48.5,50.3,45.6,45.2,"{'main': 2174, 'range_min': 1709, 'range_max': 2639}",Jakiro,48.5,33,46.9,192
26.0,#53,Pos 5,Lion,2922,1567,49.4,47.4,50.9,48.1,49.9,48.6,41.7,"{'main': 2171, 'range_min': 1737, 'range_max': 2605}",Lion,62.6,107,49.2,589
53.0,#54,Pos 5,Nature's Prophet,2920,167,38.3,11.2,39.1,37.3,43.9,35.8,12.5,"{'main': 2634, 'range_min': 1909, 'range_max': 3359}",Nature's Prophet,21.4,14,40.7,54
4.0,#55,Pos 5,Bloodseeker,2915,87,27.6,36.9,27.1,28.2,28.1,23.7,35.3,"{'main': 3387, 'range_min': 2483, 'range_max': 4290}",Bloodseeker,0.0,0,28.2,39
37.0,#56,Pos 5,Warlock,2912,628,47.0,7.6,46.3,47.7,46.9,45.7,58.3,"{'main': 2187, 'range_min': 1689, 'range_max': 2684}",Warlock,52.8,108,43.1,348
5.0,#57,Pos 5,Crystal Maiden,2910,1451,49.0,13.3,49.3,48.7,50.1,46.7,31.6,"{'main': 2107, 'range_min': 1665, 'range_max': 2549}",Crystal Maiden,56.9,174,50.3,563
59.0,#58,Pos 5,Huskar,2909,114,35.1,33.2,38.3,31.5,37.0,40.5,16.7,"{'main': 2693, 'range_min': 2044, 'range_max': 3342}",Huskar,0.0,0,40.4,47
85.0,#59,Pos 5,Undying,2909,944,48.0,11.3,42.6,53.1,48.5,43.3,65.0,"{'main': 2321, 'range_min': 1772, 'range_max': 2870}",Undying,46.2,119,43.7,414
10.0,#60,Pos 5,Morphling,2908,152,33.6,55.4,34.5,32.3,25.8,41.4,30.0,"{'main': 3524, 'range_min': 2614, 'range_max': 4433}",Morphling,0.0,0,30.9,55
49.0,#61,Pos 5,Dragon Knight,2907,104,36.5,38.5,45.3,27.5,32.3,38.0,39.1,"{'main': 4063, 'range_min': 3325, 'range_max': 4802}",Dragon Knight,0.0,0,38.8,49
88.0,#62,Pos 5,Nyx Assassin,2903,449,45.0,71.7,52.1,37.0,43.0,49.5,52.0,"{'main': 2599, 'range_min': 2080, 'range_max': 3117}",Nyx Assassin,0.0,0,45.0,202
67.0,#63,Pos 5,Spectre,2901,139,35.3,63.6,31.1,40.0,28.6,41.9,25.0,"{'main': 3086, 'range_min': 2202, 'range_max': 3970}",Spectre,0.0,0,40.0,55
30.0,#64,Pos 5,Witch Doctor,2893,545,45.5,15.6,47.4,43.6,47.2,37.6,42.3,"{'main': 2309, 'range_min': 1810, 'range_max': 2809}",Witch Doctor,60.5,81,41.8,141
65.0,#65,Pos 5,Batrider,2889,589,46.5,14.2,45.9,47.1,47.9,44.1,25.0,"{'main': 2296, 'range_min': 1789, 'range_max': 2803}",Batrider,70.0,20,46.6,408
97.0,#66,Pos 5,Magnus,2879,312,41.7,51.5,42.8,40.4,43.8,32.8,43.8,"{'main': 2284, 'range_min': 1737, 'range_max': 2831}",Magnus,0.0,0,42.9,133
44.0,#67,Pos 5,Phantom Assassin,2855,124,23.4,49.3,23.6,23.1,11.6,30.8,25.0,"{'main': 3497, 'range_min': 2610, 'range_max': 4383}",Phantom Assassin,0.0,0,21.1,57
73.0,#68,Pos 5,Alchemist,2855,253,37.2,58.6,37.1,37.2,43.2,31.5,24.0,"{'main': 3818, 'range_min': 2627, 'range_max': 5010}",Alchemist,0.0,0,33.3,111
58.0,#69,Pos 5,Enchantress,2825,447,41.2,7.9,44.5,37.9,40.3,44.7,42.9,"{'main': 2287, 'range_min': 1808, 'range_max': 2767}",Enchantress,55.0,20,41.3,283
100.0,#70,Pos 5,Tusk,2812,1150,46.7,17.3,48.0,45.5,48.3,42.5,44.0,"{'main': 2198, 'range_min': 1780, 'range_max': 2616}",Tusk,52.3,109,44.5,488
75.0,#71,Pos 5,Silencer,2774,909,44.4,16.6,46.3,42.5,44.3,44.5,46.2,"{'main': 2210, 'range_min': 1711, 'range_max': 2709}",Silencer,52.7,91,44.2,310
14.0,#72,Pos 5,Pudge,2563,2099,46.0,75.6,47.1,44.6,46.0,47.1,41.7,"{'main': 2365, 'range_min': 1835, 'range_max': 2894}",Pudge,46.1,89,47.1,860
2.0,#73,Pos 5,Axe,0,10,40.0,24.4,60.0,20.0,50.0,25.0,0.0,"{'main': 2483, 'range_min': 2105, 'range_max': 2861}",Axe,0.0,0,0.0,2
6.0,#74,Pos 5,Drow Ranger,0,29,20.7,15.0,21.4,20.0,20.0,7.1,40.0,"{'main': 3602, 'range_min': 2737, 'range_max': 4466}",Drow Ranger,0.0,0,0.0,8
8.0,#75,Pos 5,Juggernaut,0,19,26.3,12.2,37.5,18.2,0.0,30.0,50.0,"{'main': 3269, 'range_min': 2114, 'range_max': 4425}",Juggernaut,0.0,0,25.0,8
11.0,#76,Pos 5,Shadow Fiend,0,34,38.2,16.9,47.1,29.4,53.8,31.3,20.0,"{'main': 3208, 'range_min': 2134, 'range_max': 4281}",Shadow Fiend,0.0,0,18.2,11
12.0,#77,Pos 5,Phantom Lancer,0,10,10.0,6.1,0.0,14.3,16.7,0.0,0.0,"{'main': 3223, 'range_min': 2698, 'range_max': 3747}",Phantom Lancer,0.0,0,16.7,6
13.0,#78,Pos 5,Puck,0,11,36.4,38.0,16.7,60.0,50.0,50.0,0.0,"{'main': 2302, 'range_min': 2227, 'range_max': 2376}",Puck,0.0,0,37.5,8
15.0,#79,Pos 5,Razor,0,14,7.1,10.1,16.7,0.0,20.0,0.0,0.0,"{'main': 3245, 'range_min': 2217, 'range_max': 4273}",Razor,0.0,0,12.5,8
16.0,#80,Pos 5,Sand King,0,5,40.0,11.6,0.0,66.7,25.0,100.0,0.0,"{'main': 2594, 'range_min': 2165, 'range_max': 3024}",Sand King,0.0,0,100.0,1
17.0,#81,Pos 5,Storm Spirit,0,9,33.3,16.3,16.7,66.7,40.0,50.0,0.0,"{'main': 2735, 'range_min': 2293, 'range_max': 3177}",Storm Spirit,0.0,0,33.3,3
18.0,#82,Pos 5,Sven,0,35,65.7,5.7,70.6,61.1,63.6,66.7,75.0,"{'main': 2383, 'range_min': 1652, 'range_max': 3114}",Sven,0.0,0,85.0,20
21.0,#83,Pos 5,Windranger,0,52,42.3,8.0,40.0,44.4,40.0,66.7,0.0,"{'main': 2517, 'range_min': 1935, 'range_max': 3099}",Windranger,0.0,0,39.1,23
23.0,#84,Pos 5,Kunkka,0,7,42.9,5.8,100.0,33.3,40.0,50.0,0.0,"{'main': 2025, 'range_min': 1751, 'range_max': 2300}",Kunkka,0.0,0,0.0,1
28.0,#85,Pos 5,Slardar,0,8,62.5,7.0,60.0,66.7,71.4,0.0,0.0,"{'main': 2442, 'range_min': 2268, 'range_max': 2617}",Slardar,0.0,0,75.0,4
29.0,#86,Pos 5,Tidehunter,0,23,34.8,19.5,46.2,20.0,40.0,25.0,0.0,"{'main': 2239, 'range_min': 1778, 'range_max': 2701}",Tidehunter,0.0,0,33.3,6
32.0,#87,Pos 5,Riki,0,50,44.0,8.8,53.8,33.3,48.1,42.9,0.0,"{'main': 2512, 'range_min': 1900, 'range_max': 3125}",Riki,0.0,0,52.2,23
33.0,#88,Pos 5,Enigma,0,41,51.2,14.9,52.0,50.0,50.0,62.5,33.3,"{'main': 2793, 'range_min': 2281, 'range_max': 3305}",Enigma,0.0,0,36.4,22
36.0,#89,Pos 5,Necrophos,0,8,25.0,7.4,50.0,0.0,20.0,33.3,0.0,"{'main': 2460, 'range_min': 1723, 'range_max': 3197}",Necrophos,0.0,0,0.0,2
38.0,#90,Pos 5,Beastmaster,0,13,30.8,35.1,33.3,25.0,33.3,50.0,0.0,"{'main': 3231, 'range_min': 2367, 'range_max': 4094}",Beastmaster,0.0,0,44.4,9
39.0,#91,Pos 5,Queen of Pain,0,20,10.0,35.1,14.3,0.0,22.2,0.0,0.0,"{'main': 2479, 'range_min': 1804, 'range_max': 3154}",Queen of Pain,0.0,0,0.0,8
41.0,#92,Pos 5,Faceless Void,0,18,27.8,6.4,20.0,30.8,36.4,16.7,0.0,"{'main': 2112, 'range_min': 1534, 'range_max': 2689}",Faceless Void,0.0,0,50.0,6
42.0,#93,Pos 5,Wraith King,0,25,36.0,5.8,44.4,31.3,42.9,14.3,50.0,"{'main': 3197, 'range_min': 2329, 'range_max': 4064}",Wraith King,0.0,0,45.5,11
43.0,#94,Pos 5,Death Prophet,0,12,58.3,5.8,33.3,83.3,70.0,0.0,0.0,"{'main': 2437, 'range_min': 1744, 'range_max': 3130}",Death Prophet,0.0,0,50.0,8
46.0,#95,Pos 5,Templar Assassin,0,37,29.7,15.3,35.0,23.5,20.0,35.3,30.0,"{'main': 3738, 'range_min': 2912, 'range_max': 4565}",Templar Assassin,0.0,0,7.7,13
47.0,#96,Pos 5,Viper,0,14,57.1,10.8,28.6,85.7,50.0,75.0,50.0,"{'main': 2869, 'range_min': 1981, 'range_max': 3758}",Viper,0.0,0,33.3,6
48.0,#97,Pos 5,Luna,0,16,50.0,7.4,50.0,50.0,100.0,62.5,28.6,"{'main': 3692, 'range_min': 2734, 'range_max': 4649}",Luna,0.0,0,66.7,3
54.0,#98,Pos 5,Lifestealer,0,25,32.0,18.3,25.0,44.4,20.0,36.4,33.3,"{'main': 3339, 'range_min': 2667, 'range_max': 4011}",Lifestealer,0.0,0,22.2,9
55.0,#99,Pos 5,Dark Seer,0,3,33.3,6.1,33.3,0.0,0.0,50.0,0.0,"{'main': 2061, 'range_min': 1829, 'range_max': 2293}",Dark Seer,0.0,0,100.0,1
56.0,#100,Pos 5,Clinkz,0,17,47.1,6.0,60.0,28.6,45.5,100.0,25.0,"{'main': 2773, 'range_min': 2000, 'range_max': 3545}",Clinkz,0.0,0,50.0,2
60.0,#101,Pos 5,Night Stalker,0,17,29.4,33.7,25.0,33.3,36.4,25.0,0.0,"{'main': 2570, 'range_min': 1824, 'range_max': 3316}",Night Stalker,0.0,0,11.1,9
61.0,#102,Pos 5,Broodmother,0,11,45.5,29.2,57.1,25.0,0.0,57.1,50.0,"{'main': 3707, 'range_min': 2565, 'range_max': 4848}",Broodmother,0.0,0,33.3,6
70.0,#103,Pos 5,Ursa,0,32,31.3,19.6,26.7,35.3,0.0,33.3,35.7,"{'main': 3822, 'range_min': 2595, 'range_max': 5049}",Ursa,0.0,0,27.3,11
74.0,#104,Pos 5,Invoker,0,26,30.8,37.1,25.0,40.0,40.0,25.0,0.0,"{'main': 2386, 'range_min': 1962, 'range_max': 2810}",Invoker,0.0,0,50.0,10
76.0,#105,Pos 5,Outworld Destroyer,0,6,33.3,10.9,0.0,66.7,50.0,0.0,0.0,"{'main': 2857, 'range_min': 1655, 'range_max': 4059}",,0.0,0,50.0,2
77.0,#106,Pos 5,Lycan,0,26,34.6,35.9,35.3,33.3,45.0,0.0,0.0,"{'main': 2787, 'range_min': 1956, 'range_max': 3617}",Lycan,0.0,0,40.0,15
78.0,#107,Pos 5,Brewmaster,0,11,18.2,8.6,20.0,16.7,14.3,25.0,0.0,"{'main': 1927, 'range_min': 1681, 'range_max': 2173}",Brewmaster,0.0,0,0.0,4
80.0,#108,Pos 5,Lone Druid,0,12,16.7,16.2,0.0,22.2,33.3,0.0,0.0,"{'main': 2752, 'range_min': 2200, 'range_max': 3303}",Lone Druid,0.0,0,12.5,8
81.0,#109,Pos 5,Chaos Knight,0,11,27.3,6.3,28.6,25.0,14.3,66.7,0.0,"{'main': 3233, 'range_min': 1948, 'range_max': 4518}",Chaos Knight,0.0,0,33.3,3
82.0,#110,Pos 5,Meepo,0,10,20.0,14.7,25.0,16.7,20.0,0.0,50.0,"{'main': 3048, 'range_min': 2416, 'range_max': 3681}",Meepo,0.0,0,0.0,4
89.0,#111,Pos 5,Naga Siren,0,27,22.2,5.7,28.6,15.4,29.4,0.0,20.0,"{'main': 2301, 'range_min': 1856, 'range_max': 2746}",Naga Siren,0.0,0,18.2,11
90.0,#112,Pos 5,Keeper of the Light,0,47,38.3,8.1,34.8,41.7,43.2,12.5,50.0,"{'main': 2405, 'range_min': 1908, 'range_max': 2902}",Keeper of the Light,0.0,0,45.5,22
92.0,#113,Pos 5,Visage,0,42,57.1,17.1,57.1,57.1,57.6,57.1,50.0,"{'main': 2630, 'range_min': 1950, 'range_max': 3311}",Visage,0.0,0,76.9,13
94.0,#114,Pos 5,Medusa,0,26,19.2,14.0,35.7,0.0,25.0,10.0,25.0,"{'main': 3456, 'range_min': 2369, 'range_max': 4543}",Medusa,0.0,0,27.3,11
95.0,#115,Pos 5,Troll Warlord,0,15,46.7,6.7,50.0,44.4,55.6,40.0,0.0,"{'main': 3476, 'range_min': 2579, 'range_max': 4372}",Troll Warlord,0.0,0,66.7,3
96.0,#116,Pos 5,Centaur Warrunner,0,10,50.0,7.8,55.6,0.0,50.0,50.0,0.0,"{'main': 2660, 'range_min': 2042, 'range_max': 3278}",Centaur Warrunner,0.0,0,60.0,5
98.0,#117,Pos 5,Timbersaw,0,41,29.3,23.1,20.0,38.1,26.9,41.7,0.0,"{'main': 2296, 'range_min': 1794, 'range_max': 2797}",Timbersaw,40.0,10,38.5,26
104.0,#118,Pos 5,Legion Commander,0,19,63.2,25.3,64.3,60.0,55.6,66.7,75.0,"{'main': 3591, 'range_min': 2494, 'range_max': 4687}",Legion Commander,0.0,0,66.7,9
106.0,#119,Pos 5,Ember Spirit,0,19,52.6,17.4,50.0,55.6,58.3,40.0,50.0,"{'main': 2360, 'range_min': 1650, 'range_max': 3069}",Ember Spirit,0.0,0,50.0,10
107.0,#120,Pos 5,Earth Spirit,0,37,40.5,14.9,27.8,52.6,36.0,60.0,0.0,"{'main': 2321, 'range_min': 1537, 'range_max': 3106}",Earth Spirit,0.0,0,66.7,12
113.0,#121,Pos 5,Arc Warden,0,7,28.6,9.6,100.0,16.7,33.3,0.0,0.0,"{'main': 2220, 'range_min': 2012, 'range_max': 2428}",Arc Warden,0.0,0,50.0,4
108.0,#122,Pos 5,Underlord,0,3,0.0,6.1,0.0,0.0,0.0,0.0,0.0,"{'main': 1818, 'range_min': 1599, 'range_max': 2037}",Underlord,0.0,0,0.0,1
120.0,#123,Pos 5,Pangolier,0,7,14.3,13.1,0.0,50.0,33.3,0.0,0.0,"{'main': 1604, 'range_min': 1604, 'range_max': 1604}",Pangolier,0.0,0,16.7,6
129.0,#124,Pos 5,Mars,0,15,53.3,17.4,50.0,57.1,62.5,60.0,0.0,"{'main': 2450, 'range_min': 1354, 'range_max': 3546}",Mars,0.0,0,60.0,5
126.0,#125,Pos 5,Void Spirit,0,10,10.0,7.7,25.0,0.0,16.7,0.0,0.0,"{'main': 2564, 'range_min': 1719, 'range_max': 3408}",Void Spirit,0.0,0,0.0,2
137.0,#126,Pos 5,Primal Beast,0,16,37.5,9.8,33.3,42.9,22.2,50.0,66.7,"{'main': 3057, 'range_min': 1854, 'range_max': 4261}",Primal Beast,0.0,0,28.6,7
